AccX,AccY,AccZ,Class,Timestamp
0.75819385,-0.2177906,0.45726347,AGGRESSIVE,818922
0.6675599,-0.03861046,0.23141575,AGGRESSIVE,818923
2.7244492,-7.5841208,2.390926,AGGRESSIVE,818923
2.33095,-7.6217537,2.5290236,AGGRESSIVE,818924
2.8472152,-6.7556214,2.22464,AGGRESSIVE,818924
0.44222856,-1.6468334,0.06529236,AGGRESSIVE,818925
0.2383908,0.029413342,0.33282852,AGGRESSIVE,818925
0.0434494,0.22891134,0.35466862,AGGRESSIVE,818926
-0.095363855,-0.027441323,-0.039779663,AGGRESSIVE,818926
0.27051997,-0.07373035,0.0030345917,AGGRESSIVE,818927
0.5129715,0.1584896,0.2572117,AGGRESSIVE,818927
0.3643882,0.23400217,-0.8731127,AGGRESSIVE,818928
-0.9127637,-0.3456328,0.83376026,AGGRESSIVE,818929
0.030257344,0.041704893,0.77029896,AGGRESSIVE,818929
-0.31680942,2.2246227,1.0167103,AGGRESSIVE,818930
-0.5736394,1.895479,0.25301552,AGGRESSIVE,818930
-0.28935122,-0.04953766,-1.1415176,AGGRESSIVE,818931
0.009707689,-2.3025599,-1.537632,AGGRESSIVE,818931
0.102754354,2.4496293,-0.08904934,AGGRESSIVE,818932
0.32079172,0.3934636,0.31927872,AGGRESSIVE,818932
-0.27107072,0.3166343,-0.23188591,AGGRESSIVE,818933
0.57089114,0.9929113,0.02962017,AGGRESSIVE,818933
-0.29090226,-0.60320604,-0.59682846,AGGRESSIVE,818934
-0.3893243,-0.072393,0.15493965,AGGRESSIVE,818934
-0.18269825,0.5305991,0.08667374,AGGRESSIVE,818935
0.87477255,-0.18502605,-0.07058811,AGGRESSIVE,818936
-0.43971384,0.46315426,-0.66686726,AGGRESSIVE,818936
0.18210125,-0.16286528,-0.16554546,AGGRESSIVE,818937
-0.37785566,0.023731947,0.8001833,AGGRESSIVE,818937
0.26729798,-0.83977634,-0.38885117,AGGRESSIVE,818938
-0.74608386,-1.1472193,0.007487297,AGGRESSIVE,818938
0.05382228,0.4766457,-0.056230545,AGGRESSIVE,818939
0.14207172,-0.64231193,0.6090803,AGGRESSIVE,818939
0.029505014,0.10766506,0.49456882,AGGRESSIVE,818940
0.010455728,0.19506311,0.7586765,AGGRESSIVE,818940
-0.10675931,0.46166867,-0.20333004,AGGRESSIVE,818941
-0.33768082,-0.35907316,-0.58811665,AGGRESSIVE,818942
-0.4406935,-0.6665633,0.2986803,AGGRESSIVE,818942
1.1014359,0.7269268,0.057224274,AGGRESSIVE,818943
0.24783754,0.09656301,0.45060062,AGGRESSIVE,818943
0.06939864,-0.0015867352,0.041068077,AGGRESSIVE,818944
-0.26347494,0.529738,-0.28295517,AGGRESSIVE,818944
0.6024556,1.0922241,0.22054768,AGGRESSIVE,818945
0.07136154,0.29595637,0.14425755,AGGRESSIVE,818945
0.4757583,-0.087142825,0.18193054,AGGRESSIVE,818946
0.69397044,-0.36016142,0.39312267,AGGRESSIVE,818946
-0.3389696,-0.19042885,0.12000656,AGGRESSIVE,818947
-0.7697774,0.018310905,-0.10904884,AGGRESSIVE,818947
-0.13248551,0.00749892,-0.5088415,AGGRESSIVE,818948
-0.121494055,0.97876084,-0.64531994,AGGRESSIVE,818949
0.1619637,-0.42168716,0.7636738,AGGRESSIVE,818949
-0.2985927,-0.20289266,0.18541336,AGGRESSIVE,818950
0.26385355,1.0475075,-1.2421827,AGGRESSIVE,818950
-0.18363321,0.56479466,0.11718845,AGGRESSIVE,818951
0.976215,0.17441356,0.6118784,AGGRESSIVE,818951
0.06310606,-0.35474473,0.16901398,AGGRESSIVE,818952
0.7406641,0.37146646,0.6689844,AGGRESSIVE,818952
0.45681942,0.08794737,-0.11210728,AGGRESSIVE,818953
0.5394548,-0.11338341,0.5558491,AGGRESSIVE,818953
0.078572154,-0.10179007,0.44670486,AGGRESSIVE,818954
0.012563586,0.13923752,0.19380856,AGGRESSIVE,818954
0.5173269,0.78517073,0.7356615,AGGRESSIVE,818955
0.17355144,-0.4140643,1.1663599,AGGRESSIVE,818956
0.058745444,-0.03410983,-0.20303154,AGGRESSIVE,818956
-0.17477626,-0.21894467,-0.83653736,AGGRESSIVE,818957
0.14694023,0.13400173,0.80677795,AGGRESSIVE,818957
1.9521787,-2.9816866,2.0186596,AGGRESSIVE,818958
1.0315782,1.8825753,1.3218498,AGGRESSIVE,818958
0.1700803,-0.14438453,0.080685616,AGGRESSIVE,818959
-0.8629459,-0.8557696,1.2502985,AGGRESSIVE,818959
-1.0720084,-0.48935017,-0.6920185,AGGRESSIVE,818960
-0.5453603,0.18243611,1.0835781,AGGRESSIVE,818960
1.4842383,-0.056272328,1.9137402,AGGRESSIVE,818961
-0.22956502,-0.44724312,-0.26157188,AGGRESSIVE,818961
-0.43674183,-0.16641623,0.68302727,AGGRESSIVE,818962
0.14355183,1.39119,-0.4286232,AGGRESSIVE,818963
0.62044287,0.18831033,-0.56846905,AGGRESSIVE,818963
-0.2853893,-0.17019475,0.24317455,AGGRESSIVE,818964
-0.7017499,-0.624388,-0.76911354,AGGRESSIVE,818964
0.9910469,-0.8525612,0.68788815,AGGRESSIVE,818965
-0.05385995,-0.7801539,0.10535431,AGGRESSIVE,818965
-0.48959172,0.20456597,0.0057735443,AGGRESSIVE,818966
-0.8123882,1.0566648,-0.76250553,AGGRESSIVE,818966
-1.2224029,0.005064808,1.1553516,AGGRESSIVE,818967
-1.4801195,-0.58561325,-1.8792753,AGGRESSIVE,818967
-2.0269077,-1.6317173,-0.24301624,AGGRESSIVE,818968
-1.039784,-2.8241036,-0.61830235,AGGRESSIVE,818969
1.0572593,-0.29291117,1.2690954,AGGRESSIVE,818969
0.49398613,0.43986762,0.27573395,AGGRESSIVE,818970
-0.84938484,-0.539847,-0.22183704,AGGRESSIVE,818970
-0.40280306,-0.2102632,-0.15731716,AGGRESSIVE,818971
-1.3313351,-0.28705412,0.38027096,AGGRESSIVE,818971
0.11231473,-0.2612759,-0.27245712,AGGRESSIVE,818972
0.16910136,-1.0090933,-0.20718479,AGGRESSIVE,818972
0.02441883,-0.25096774,-0.032253265,AGGRESSIVE,818973
0.9903791,-1.1994785,-0.49906063,AGGRESSIVE,818973
0.96638954,-0.5313511,-0.23504448,AGGRESSIVE,818974
1.6635046,-3.2514997,-1.3943243,AGGRESSIVE,818974
-0.020573974,-0.24634004,0.042918205,AGGRESSIVE,818975
1.0482498,0.33195382,-0.6767492,AGGRESSIVE,818976
3.5333176,0.56834763,0.15670967,AGGRESSIVE,818976
1.4037586,0.28415456,0.83772564,AGGRESSIVE,818977
2.3728786,0.57135105,-0.024133682,AGGRESSIVE,818977
2.4279275,0.042193413,-1.2560091,AGGRESSIVE,818978
0.9131018,0.23308593,-0.35344124,AGGRESSIVE,818978
-0.2513622,-0.46324402,1.4690399,AGGRESSIVE,818979
0.9116926,2.0535505,1.0482016,AGGRESSIVE,818979
0.83006525,1.4769192,-0.11259937,AGGRESSIVE,818980
-0.22786403,1.0347781,2.3271666,AGGRESSIVE,818980
0.10380995,0.48592928,0.27172852,AGGRESSIVE,818981
-0.68381107,1.2107053,-0.7016945,AGGRESSIVE,818981
0.42324996,0.03720942,-0.35112,AGGRESSIVE,818982
-0.26360226,-1.6975005,-0.4239235,AGGRESSIVE,818983
0.94606876,-1.0427777,-0.7679539,AGGRESSIVE,818983
-0.18351388,-1.9361479,-1.6836653,AGGRESSIVE,818984
-0.8393153,-0.37363392,0.16396618,AGGRESSIVE,818984
0.93189335,-0.23534518,0.8176584,AGGRESSIVE,818985
-0.4238448,0.3713829,-1.1281548,AGGRESSIVE,818985
0.554111,-0.27458924,0.6832657,AGGRESSIVE,818986
0.51920795,-1.2295983,1.1400785,AGGRESSIVE,818986
-0.76183677,-0.9372469,-1.2165794,AGGRESSIVE,818987
-0.26214957,-0.2102976,-0.40655518,AGGRESSIVE,818987
0.1708312,0.141442,0.6636152,AGGRESSIVE,818988
-0.76246345,-1.0539246,-0.07795048,AGGRESSIVE,818988
-0.19671917,0.021021426,0.049783707,AGGRESSIVE,818989
-0.8951907,-1.4657695,1.2969189,AGGRESSIVE,818990
-0.2779882,-1.5940562,0.5332804,AGGRESSIVE,818990
-0.7790127,-0.6299118,-0.18198204,AGGRESSIVE,818991
-1.5744271,-0.59718823,-1.190321,AGGRESSIVE,818991
-1.450267,0.22013795,2.8125906,AGGRESSIVE,818992
-0.32125974,-0.7453157,2.1730633,AGGRESSIVE,818992
1.3916359,0.3532653,-1.2460766,AGGRESSIVE,818993
1.0146766,-0.33296943,-2.3505502,AGGRESSIVE,818993
0.21977329,-0.7528477,-1.762958,AGGRESSIVE,818994
-1.1238433,-0.15481888,0.72077656,AGGRESSIVE,818994
1.0330117,-1.8874344,-1.7188368,AGGRESSIVE,818995
2.405455,0.4435111,-1.357029,AGGRESSIVE,818996
-1.6940821,-0.43237686,-0.12851906,AGGRESSIVE,818996
0.7214632,-0.28116286,0.5593605,AGGRESSIVE,818997
0.21742582,-0.35237408,-0.50524807,AGGRESSIVE,818997
-0.053925037,0.6185436,3.025981,AGGRESSIVE,818998
-0.07155275,-0.3631128,-0.22459507,AGGRESSIVE,818998
-0.6060456,-1.3218378,2.9759388,AGGRESSIVE,818999
1.0228584,0.14753759,-0.25420856,AGGRESSIVE,818999
-0.7787572,0.2496357,1.6427069,AGGRESSIVE,819000
-0.2908697,-1.9010257,0.34481525,AGGRESSIVE,819000
-1.2232757,-1.8400444,-1.3135338,AGGRESSIVE,819001
-1.6413047,-0.9089011,0.6358805,AGGRESSIVE,819001
-0.08093381,-0.5902848,0.26229095,AGGRESSIVE,819002
-0.42395997,0.30856013,0.56691456,AGGRESSIVE,819003
0.06728649,-0.68649,0.174469,AGGRESSIVE,819003
0.5211928,0.8274815,1.9646463,AGGRESSIVE,819004
-0.38405144,1.387459,1.4735928,AGGRESSIVE,819004
1.5800602,1.5329783,0.11480045,AGGRESSIVE,819005
-0.81782854,0.77017903,1.2974119,AGGRESSIVE,819005
-0.9288802,1.1833581,-0.24490452,AGGRESSIVE,819006
0.16993344,0.762242,-1.1252632,AGGRESSIVE,819006
0.6530907,-1.3877306,-0.45069313,AGGRESSIVE,819007
-0.47682357,-0.6164055,-0.35845566,AGGRESSIVE,819007
-0.23163927,0.5172365,-0.9954624,AGGRESSIVE,819008
0.048311114,0.27338833,-0.38556385,AGGRESSIVE,819008
-0.16682851,-0.56834245,0.44791603,AGGRESSIVE,819009
1.2749629,1.3084296,0.14286995,AGGRESSIVE,819010
0.9488416,0.23931617,0.20616055,AGGRESSIVE,819010
1.1782587,-0.13668986,-0.3609028,AGGRESSIVE,819011
-0.9983144,0.8151301,-4.3429418,AGGRESSIVE,819011
1.5796099,-0.4212503,-0.1752863,AGGRESSIVE,819012
1.028064,0.08217955,-0.9824228,AGGRESSIVE,819012
-0.52536297,0.023317337,-0.123402596,AGGRESSIVE,819013
-0.061337948,-0.031157345,-0.5594559,AGGRESSIVE,819013
-1.5263793,-1.24536,0.023827553,AGGRESSIVE,819014
-0.040887594,-0.75438803,0.07017231,AGGRESSIVE,819014
-0.49718213,-0.9314513,2.6542406,AGGRESSIVE,819015
-1.8854432,-1.0389255,0.11800289,AGGRESSIVE,819015
-2.1407442,-0.07929325,-3.0064063,AGGRESSIVE,819016
-2.2906175,-1.6155488,-1.0248919,AGGRESSIVE,819017
-2.5924153,-0.2284297,-1.0140924,AGGRESSIVE,819017
-3.178716,0.25869521,-0.5365162,AGGRESSIVE,819018
-1.1258302,0.21217825,-0.04200363,AGGRESSIVE,819018
-0.8995898,0.06343505,-1.2571831,AGGRESSIVE,819019
-0.021832705,-0.7257838,1.3351202,AGGRESSIVE,819019
0.14557838,1.1396226,1.600152,AGGRESSIVE,819020
0.41136682,0.14364487,-0.47502327,AGGRESSIVE,819020
-0.03932315,-2.7280836,3.045969,AGGRESSIVE,819021
-1.0271504,-1.9874259,1.0098095,AGGRESSIVE,819021
0.78540623,0.3563553,0.086961746,AGGRESSIVE,819022
-0.40510052,-2.494523,-0.23671341,AGGRESSIVE,819023
0.031846166,0.79388046,0.62526226,AGGRESSIVE,819023
0.26665163,-0.14538229,1.5463552,AGGRESSIVE,819024
0.9203849,-1.1915574,-1.3310995,AGGRESSIVE,819024
-0.13908637,-0.29896188,-0.038341522,AGGRESSIVE,819025
2.6708164,-1.5467374,-0.61101913,AGGRESSIVE,819025
0.00044691563,0.42452496,-1.0806427,AGGRESSIVE,819026
1.0462834,-1.9327908,0.5800953,AGGRESSIVE,819026
-0.04984045,-2.2802892,-1.1371202,AGGRESSIVE,819027
1.1424426,-0.4442621,0.5359278,AGGRESSIVE,819027
1.2970436,0.35168278,1.961051,AGGRESSIVE,819028
-0.48300183,-1.0240326,-0.63576317,AGGRESSIVE,819028
0.79909,0.34773117,-0.11156559,AGGRESSIVE,819029
1.4846977,0.22454488,-1.1650267,AGGRESSIVE,819030
0.92358303,-0.9599839,-0.276618,AGGRESSIVE,819030
0.20993102,-1.4861299,-0.8609476,AGGRESSIVE,819031
0.45029378,-1.9356265,-0.29985237,AGGRESSIVE,819031
0.49307132,-1.9352696,-0.1132555,AGGRESSIVE,819032
-0.078835964,-0.6174686,0.56222534,AGGRESSIVE,819032
-0.38192284,-2.9704652,1.7837029,AGGRESSIVE,819033
0.3970493,-2.008388,-1.0533009,AGGRESSIVE,819033
0.25251973,0.07053873,-1.7635036,AGGRESSIVE,819034
-0.39492202,-0.3083685,2.1502638,AGGRESSIVE,819034
1.2894516,0.61974436,1.1580782,AGGRESSIVE,819035
1.6734303,0.747247,2.2794256,AGGRESSIVE,819035
-0.04231119,-1.7347405,0.05086708,AGGRESSIVE,819036
1.2475479,-0.8044581,0.0065689087,AGGRESSIVE,819037
1.8576652,-0.7360358,-0.52632904,AGGRESSIVE,819037
3.6638012,-0.18345332,-3.2835717,AGGRESSIVE,819038
2.3871427,-0.825648,5.4968557,AGGRESSIVE,819038
0.40452623,-0.40467373,3.2721071,AGGRESSIVE,819039
0.47927403,-0.16223955,-1.4082661,AGGRESSIVE,819039
2.403956,-0.020383954,-1.461833,AGGRESSIVE,819040
1.7494936,-0.19559512,0.20617008,AGGRESSIVE,819040
3.2297819,-0.94971305,-0.31031227,AGGRESSIVE,819041
4.2163606,-0.20699215,0.32483578,AGGRESSIVE,819041
2.4061532,-1.7507067,0.26240253,AGGRESSIVE,819042
1.7302549,-2.6228223,0.27448463,AGGRESSIVE,819042
-0.0070445538,-2.2017753,1.5596418,AGGRESSIVE,819043
2.3941886,-0.27812278,-0.7765055,AGGRESSIVE,819044
4.1817102,-1.0910995,-3.0380564,AGGRESSIVE,819044
-1.0908573,0.25648177,-1.2936211,AGGRESSIVE,819045
-1.3270576,-0.970286,1.5892353,AGGRESSIVE,819045
1.031141,-2.8340065,3.2569895,AGGRESSIVE,819046
0.78707385,0.9269811,-0.07715511,AGGRESSIVE,819046
-1.457096,-1.4052304,0.7262058,AGGRESSIVE,819047
-1.4532583,-2.6825671,2.1610823,AGGRESSIVE,819047
-0.25438666,-1.2023486,-0.43999863,AGGRESSIVE,819048
-0.32708693,-1.5261147,-0.21551323,AGGRESSIVE,819048
0.63015985,-1.9621811,0.49558258,AGGRESSIVE,819049
-2.543435,-1.637259,0.240839,AGGRESSIVE,819050
-0.9739357,-1.7283537,0.80455875,AGGRESSIVE,819050
-0.82329786,0.7797854,0.23291874,AGGRESSIVE,819051
-1.790633,1.0533278,-0.20276928,AGGRESSIVE,819051
-1.9107308,0.25210053,-0.3179102,AGGRESSIVE,819052
-0.29757953,2.271525,1.5402422,AGGRESSIVE,819052
-1.204947,-0.8290113,1.2173414,AGGRESSIVE,819053
0.2805934,0.6174315,-0.86872005,AGGRESSIVE,819053
0.46910667,0.07490146,-1.7757325,AGGRESSIVE,819054
-0.7384671,-1.3880454,-1.0403891,AGGRESSIVE,819054
-0.022835732,-1.0174285,0.95730495,AGGRESSIVE,819055
-4.854163,-2.2235918,-0.46277046,AGGRESSIVE,819055
-3.8489769,-0.4458856,1.0849419,AGGRESSIVE,819056
-0.8238281,0.23358673,-0.112701416,AGGRESSIVE,819057
0.11363202,-0.018299341,-0.07823467,AGGRESSIVE,819057
0.23007137,-3.1275415,1.2628222,AGGRESSIVE,819058
0.06032759,-2.2684443,0.5250101,AGGRESSIVE,819058
2.4951072,0.20685053,-0.008115768,AGGRESSIVE,819059
-0.6688722,-0.45904455,1.9875889,AGGRESSIVE,819059
-0.29439506,-1.3095839,0.29345894,AGGRESSIVE,819060
1.7857258,-1.405952,-0.70132923,AGGRESSIVE,819060
2.4677567,-0.4058331,-0.80754757,AGGRESSIVE,819061
0.7839888,-2.546761,-0.16822529,AGGRESSIVE,819061
0.92523843,-0.77285004,-2.944891,AGGRESSIVE,819062
-0.65313095,-1.8985004,1.9772034,AGGRESSIVE,819062
2.1982477,-1.4365844,-2.5487413,AGGRESSIVE,819063
1.0686877,-1.4868865,3.4781437,AGGRESSIVE,819064
1.6238668,0.4173882,1.2323656,AGGRESSIVE,819064
1.842964,1.2900517,1.5261059,AGGRESSIVE,819065
0.89893186,0.6646396,0.013401985,AGGRESSIVE,819065
1.8974414,-1.4548142,2.7218962,AGGRESSIVE,819066
3.0621212,-2.3077214,-0.40741634,AGGRESSIVE,819066
4.313364,-1.2368828,-1.5281115,AGGRESSIVE,819067
2.8780627,-1.3908693,2.00955,AGGRESSIVE,819067
4.5177383,-0.40161198,-3.821918,AGGRESSIVE,819068
3.6753874,-0.36318064,-2.0571446,AGGRESSIVE,819068
0.8925923,0.533593,0.14946175,AGGRESSIVE,819069
0.95746446,1.0968616,1.0553741,AGGRESSIVE,819069
-1.766763,-1.12691,-2.213799,AGGRESSIVE,819070
-0.69390625,1.6451484,2.3356085,AGGRESSIVE,819071
-1.032423,0.21976495,2.7511654,AGGRESSIVE,819071
0.2098391,0.9717647,-2.7987452,AGGRESSIVE,819072
-0.68756115,-0.2599688,0.45044518,AGGRESSIVE,819072
0.7611997,-0.29997855,-1.7084842,AGGRESSIVE,819073
-0.15287638,0.2928204,-0.18515301,AGGRESSIVE,819073
-3.6504412,-0.8480129,0.3113222,AGGRESSIVE,819074
-3.0016093,-0.869107,-2.178069,AGGRESSIVE,819074
-1.8164914,1.2038167,2.9423218,AGGRESSIVE,819075
-1.3751837,-0.2015783,-2.1838942,AGGRESSIVE,819075
-2.3786225,-0.108287245,-0.39352417,AGGRESSIVE,819076
-3.2600253,-1.8040528,-1.0957422,AGGRESSIVE,819077
3.1199036,1.2235885,1.2008982,AGGRESSIVE,819077
-1.8741941,0.24610001,1.2862587,AGGRESSIVE,819078
-0.23372355,-0.70615125,1.777812,AGGRESSIVE,819078
-1.8749702,-2.4750395,0.94353294,AGGRESSIVE,819079
-2.772006,-2.3382683,2.061782,AGGRESSIVE,819079
-3.5287213,-0.33936644,-0.6056776,AGGRESSIVE,819080
-0.57750833,-0.35710976,1.6131601,AGGRESSIVE,819080
-0.5446706,-0.15254834,0.17866135,AGGRESSIVE,819081
-0.5502629,-0.076302946,0.80920315,AGGRESSIVE,819081
3.5392256,1.0055902,-0.5961418,AGGRESSIVE,819082
1.235667,1.1671009,1.5413141,AGGRESSIVE,819082
1.8631232,-0.36274242,-0.07766056,AGGRESSIVE,819083
1.8126149,-1.3117876,-0.92565536,AGGRESSIVE,819084
5.4302864,-1.4853733,-1.2366323,AGGRESSIVE,819084
3.496691,-0.9087044,1.3056288,AGGRESSIVE,819085
4.815342,-0.8147707,0.28355694,AGGRESSIVE,819085
5.817379,-0.7782411,-0.95626926,AGGRESSIVE,819086
5.8649797,0.5945225,0.3193884,AGGRESSIVE,819086
3.38261,0.96160424,-2.1570816,AGGRESSIVE,819087
3.768992,1.0377598,0.10144234,AGGRESSIVE,819087
3.1732624,1.2822211,-1.8762355,AGGRESSIVE,819088
2.424387,2.3492098,-0.83083344,AGGRESSIVE,819088
-1.0976315,0.5209277,1.081461,AGGRESSIVE,819089
-0.357103,1.4186838,1.1570873,AGGRESSIVE,819089
-0.47687316,0.08432947,0.347826,AGGRESSIVE,819090
0.33408463,1.0707065,-0.0968132,AGGRESSIVE,819091
0.93396115,-1.8371671,0.7110243,AGGRESSIVE,819091
2.0114155,-1.0391542,0.7302723,AGGRESSIVE,819092
0.072939634,-2.048904,0.43801212,AGGRESSIVE,819092
-0.14157414,-2.6339943,1.0926046,AGGRESSIVE,819093
-0.18682992,-0.87365484,-0.15428829,AGGRESSIVE,819093
-0.06406617,0.3173344,0.9116888,AGGRESSIVE,819094
1.1479772,-0.59787875,1.2348919,AGGRESSIVE,819094
0.0072437525,-1.7602682,0.3321352,AGGRESSIVE,819095
0.55852175,0.085885406,-0.7835474,AGGRESSIVE,819095
-0.45970333,1.5945472,-0.8785,AGGRESSIVE,819096
0.109383345,0.7600299,-0.39741993,AGGRESSIVE,819096
1.5015024,0.69746906,2.6032915,AGGRESSIVE,819097
0.64213204,0.06961274,-1.8414207,AGGRESSIVE,819098
1.0693154,0.49953598,0.9213295,AGGRESSIVE,819098
0.44964826,1.20715,-1.4600296,AGGRESSIVE,819099
-0.45379138,0.22288519,0.2798195,AGGRESSIVE,819099
-2.6275148,-1.7161267,-0.022824287,AGGRESSIVE,819100
0.45562708,-0.7237902,1.2551594,AGGRESSIVE,819100
0.7945143,-0.2610454,0.36588,AGGRESSIVE,819101
-0.24091482,-0.08084446,-2.0549498,AGGRESSIVE,819101
0.8198571,-1.4832915,1.3131723,AGGRESSIVE,819102
1.1244339,0.37039375,-1.05198,AGGRESSIVE,819102
0.09657264,0.7689958,0.9011793,AGGRESSIVE,819103
-0.91655195,-0.6889364,-1.821517,AGGRESSIVE,819104
-0.33842862,0.19556367,-0.12450409,AGGRESSIVE,819104
0.37294996,-2.642919,0.75138474,AGGRESSIVE,819105
1.1344008,-1.4859931,-0.45979977,AGGRESSIVE,819105
-0.06915331,-0.007852912,0.50300884,AGGRESSIVE,819106
0.18004942,-0.10615432,-0.032118797,AGGRESSIVE,819106
0.5820694,-0.7735721,-0.07624245,AGGRESSIVE,819107
0.24666214,-0.63567716,-0.8715229,AGGRESSIVE,819107
-0.07097256,-0.44181967,-1.7048359,AGGRESSIVE,819108
-0.41576624,0.34022325,0.5796137,AGGRESSIVE,819108
1.8807062,-0.52159345,-0.025224686,AGGRESSIVE,819109
-0.3611362,-0.4620783,-2.3462992,AGGRESSIVE,819109
-0.42842948,-1.5791684,-0.22469616,AGGRESSIVE,819110
-0.41658747,-0.7774173,-0.22816372,AGGRESSIVE,819111
-0.32811987,-0.3571182,-2.1407347,AGGRESSIVE,819111
-0.64028287,0.042966664,-0.0933342,AGGRESSIVE,819112
0.05888605,-1.4008957,-0.63935757,AGGRESSIVE,819112
0.095279455,-1.6300887,1.2687283,AGGRESSIVE,819113
0.5195503,-1.378863,1.4213295,AGGRESSIVE,819113
-1.6762815,-1.2994574,-2.0119328,AGGRESSIVE,819114
1.0494136,-0.8082411,1.5076122,AGGRESSIVE,819114
2.0560093,2.0324159,0.19534111,AGGRESSIVE,819115
0.40515673,0.5387987,-1.6655645,AGGRESSIVE,819115
0.12704945,-1.0244024,-1.8707986,AGGRESSIVE,819116
-0.55977285,-2.446698,1.3393087,AGGRESSIVE,819116
-0.18434191,-0.13820036,0.424428,AGGRESSIVE,819117
0.58998835,-1.0304661,-1.3246813,AGGRESSIVE,819118
-0.7969539,-1.2005782,1.2700005,AGGRESSIVE,819118
0.869411,-0.080143616,-0.95636845,AGGRESSIVE,819119
0.9162203,-0.58887213,-1.3584843,AGGRESSIVE,819119
-0.40844238,-0.1621336,-0.09296322,AGGRESSIVE,819120
0.038393736,0.22999944,1.0772219,AGGRESSIVE,819120
0.31323004,-2.2919815,1.3111601,AGGRESSIVE,819121
0.7489873,-0.4870969,0.65547085,AGGRESSIVE,819121
-0.13816452,0.2799158,-1.501337,AGGRESSIVE,819122
0.6386498,0.6013645,-1.0729322,AGGRESSIVE,819122
-0.047108054,-0.34236908,1.3914223,AGGRESSIVE,819123
-0.09916973,0.9757393,0.15881634,AGGRESSIVE,819123
0.7411325,-0.31247747,0.24911213,AGGRESSIVE,819124
-1.0670443,-2.0689278,-1.2740755,AGGRESSIVE,819125
-0.17061174,-2.1391444,0.21986198,AGGRESSIVE,819125
-0.882424,-3.7262084,-0.24868011,AGGRESSIVE,819126
0.58906007,-1.5967985,-0.33933067,AGGRESSIVE,819126
-0.08389449,-0.40419865,-0.62101555,AGGRESSIVE,819127
-0.36120307,1.5464764,-0.09947872,AGGRESSIVE,819127
0.48655367,1.2889197,-0.7367134,AGGRESSIVE,819128
-0.9743327,1.5043235,1.7131653,AGGRESSIVE,819128
0.058264732,0.7045423,0.6972494,AGGRESSIVE,819129
1.2343167,0.78144777,0.7781935,AGGRESSIVE,819129
0.26420915,0.6648413,0.9516916,AGGRESSIVE,819130
0.26999688,1.2195547,-0.45615387,AGGRESSIVE,819131
-0.8309836,0.2668237,-0.95008373,AGGRESSIVE,819131
0.25989068,-0.033442706,0.59930515,AGGRESSIVE,819132
-0.024621725,0.37308222,-1.1719751,AGGRESSIVE,819132
0.86062586,0.5888275,0.100048065,AGGRESSIVE,819133
-1.3084675,0.36643338,-0.32782078,AGGRESSIVE,819133
0.26384985,0.3026482,1.0649853,AGGRESSIVE,819134
-0.4044546,-0.12626621,-3.2470942,AGGRESSIVE,819134
-0.4006008,0.6156378,-0.72071457,AGGRESSIVE,819135
1.2065187,0.12899707,0.4697342,AGGRESSIVE,819135
0.33663428,-1.0428945,1.318718,AGGRESSIVE,819136
-0.6339103,0.29141265,0.2582159,AGGRESSIVE,819136
0.23397672,-0.97303367,0.41544724,AGGRESSIVE,819137
0.3639815,-1.1409919,-0.41565323,AGGRESSIVE,819138
-0.49451256,-2.0928938,0.11432171,AGGRESSIVE,819138
-0.059099555,-3.3350816,-1.353447,AGGRESSIVE,819139
0.43104494,-2.8695579,-0.15500546,AGGRESSIVE,819139
-0.16734481,-0.18174243,0.7761078,AGGRESSIVE,819140
-0.32217598,-0.060892344,0.56194687,AGGRESSIVE,819140
-1.105239,-0.7872329,0.7024126,AGGRESSIVE,819141
-0.36929655,-0.63355494,1.7335138,AGGRESSIVE,819141
-0.129547,-1.3693929,0.5030012,AGGRESSIVE,819142
-0.20211303,0.63397646,0.7302103,AGGRESSIVE,819142
-0.013188243,-0.108514786,0.37524414,AGGRESSIVE,819143
-0.39401895,-0.2526343,0.07267952,AGGRESSIVE,819143
0.26367623,-0.41399753,0.06817913,AGGRESSIVE,819144
0.4513759,0.23446321,-0.05523777,AGGRESSIVE,819145
0.38620186,-0.12118435,0.06339836,AGGRESSIVE,819145
0.60165954,-0.09700644,0.251091,AGGRESSIVE,819146
1.3769065,-1.0925466,1.1168737,AGGRESSIVE,819146
1.77951,-1.4092615,0.20986652,AGGRESSIVE,819147
0.06499863,-0.13812423,0.06912422,AGGRESSIVE,819147
-0.25933552,1.5795231,0.25769615,AGGRESSIVE,819148
-0.05791235,-0.18303132,-0.08864117,AGGRESSIVE,819148
-0.12376046,-0.5160482,-0.14659786,AGGRESSIVE,819149
0.12186766,0.2817629,0.07397652,AGGRESSIVE,819149
-0.03260374,-0.7947328,0.28243923,AGGRESSIVE,819150
-0.4721291,-0.56257474,0.54769325,AGGRESSIVE,819150
0.14657116,-0.5129465,0.004658699,AGGRESSIVE,819151
-0.26995623,0.036278784,0.14952564,AGGRESSIVE,819152
0.26626754,-0.10655522,0.2901001,AGGRESSIVE,819152
0.1409452,0.13936712,0.10826683,AGGRESSIVE,819153
0.004903555,0.10081666,0.16425705,AGGRESSIVE,819153
-0.25301385,-0.07251692,0.18630123,AGGRESSIVE,819154
-0.24875021,-0.014298782,0.15923691,AGGRESSIVE,819154
0.015494823,0.015328646,0.1345377,AGGRESSIVE,819155
0.6822691,0.22601065,-0.03553486,AGGRESSIVE,819155
-0.24112463,1.0727291,0.59008026,AGGRESSIVE,819156
-0.09572208,-0.37019062,0.5301924,AGGRESSIVE,819156
-0.05227655,-0.8576821,0.5444813,AGGRESSIVE,819157
-0.008349001,0.3195464,0.010907173,AGGRESSIVE,819158
0.75828266,0.40492463,-0.44423103,AGGRESSIVE,819158
1.0994208,1.1555661,-0.25651455,AGGRESSIVE,819159
-0.5155686,0.5341784,0.6835003,AGGRESSIVE,819159
0.70885813,-0.82497585,-0.43777943,AGGRESSIVE,819160
-0.7104585,-3.2079835,-0.33098984,AGGRESSIVE,819160
0.6281177,-0.84191954,0.15408611,AGGRESSIVE,819161
1.1473824,0.07653093,0.73544693,AGGRESSIVE,819161
-0.065446496,-1.2665949,0.13632965,AGGRESSIVE,819162
0.10078442,-0.7603293,0.3438549,AGGRESSIVE,819162
0.14355886,-0.2737527,0.54123116,AGGRESSIVE,819163
0.8036202,-0.5717006,0.60885143,AGGRESSIVE,819163
0.09001076,-1.1079986,0.5812998,AGGRESSIVE,819164
0.13325083,-0.5706831,-0.21094513,AGGRESSIVE,819165
-0.52562344,-0.20673692,0.10255146,AGGRESSIVE,819165
-1.3566642,-0.7180805,0.1183424,AGGRESSIVE,819166
-0.32898903,-1.4762174,-0.1368103,AGGRESSIVE,819166
0.42236233,-1.4372575,0.15072441,AGGRESSIVE,819167
0.09078157,-0.40629035,0.0018501282,AGGRESSIVE,819167
0.6772914,-0.6476444,-1.0742655,AGGRESSIVE,819168
-0.8839548,-0.36749756,-0.77250767,AGGRESSIVE,819168
-0.12275195,-0.3123531,0.5732298,AGGRESSIVE,819169
1.0699205,0.15079647,0.42113686,AGGRESSIVE,819169
-0.45807028,-0.8573843,-0.5451956,AGGRESSIVE,819170
0.8108064,-1.2253993,0.4880476,AGGRESSIVE,819170
0.9364914,-0.24845871,-1.7275653,AGGRESSIVE,819171
1.3531992,0.23537713,0.86654186,AGGRESSIVE,819172
0.14425194,-0.056839228,0.42008972,AGGRESSIVE,819172
1.2309653,-0.3183814,0.42440987,AGGRESSIVE,819173
0.003135085,-0.13667125,-0.58696556,AGGRESSIVE,819173
0.67316854,-0.7534156,0.19704533,AGGRESSIVE,819174
0.011112332,-1.2614149,1.2491703,AGGRESSIVE,819174
1.3041708,-0.800884,0.65757275,AGGRESSIVE,819175
-0.28164566,-2.3750343,-0.4666195,AGGRESSIVE,819175
0.08984399,-1.9930737,-1.0332842,AGGRESSIVE,819176
-1.006494,-2.9681225,-1.4818506,AGGRESSIVE,819176
-0.66331244,-2.5970237,-0.34028435,AGGRESSIVE,819177
0.52562046,-0.77669555,-1.1794863,AGGRESSIVE,819177
-0.15262544,0.5675334,-1.0521069,AGGRESSIVE,819178
-0.12840486,0.46087244,2.510518,AGGRESSIVE,819179
-0.7642094,0.82424396,-0.072366714,AGGRESSIVE,819179
0.07387841,1.2465123,-0.19715118,AGGRESSIVE,819180
-0.25778186,1.8074591,-0.9708195,AGGRESSIVE,819180
-0.721937,-0.6266029,-0.3378725,AGGRESSIVE,819181
0.18755996,0.43977594,0.47997093,AGGRESSIVE,819181
-0.56452703,-0.21532169,0.98799706,AGGRESSIVE,819182
-1.4579625,0.44045502,-0.7040653,AGGRESSIVE,819182
1.1139677,0.10607457,0.6198931,AGGRESSIVE,819183
-0.5183115,-0.65928614,0.378685,AGGRESSIVE,819183
-0.07979512,-1.0860147,-0.053956985,AGGRESSIVE,819184
-0.009750724,-1.3832982,-1.5577154,AGGRESSIVE,819185
0.9864937,-2.3464246,-0.3997488,AGGRESSIVE,819185
-0.728184,-2.5191152,-0.61950684,AGGRESSIVE,819186
1.390031,-0.8093833,1.3087368,AGGRESSIVE,819186
-0.46551836,-0.057381094,-0.9173546,AGGRESSIVE,819187
0.33962965,1.4799956,-0.18917084,AGGRESSIVE,819187
-0.29286277,-0.0064282417,0.54495525,AGGRESSIVE,819188
1.2445259,1.4744413,1.2470064,AGGRESSIVE,819188
-1.3858814,0.7525053,-0.45357132,AGGRESSIVE,819189
-0.70179796,-0.8986305,-1.5972314,AGGRESSIVE,819189
2.0053723,0.19711195,0.4281187,AGGRESSIVE,819190
-0.46302783,-0.085856855,-1.9277015,AGGRESSIVE,819190
0.075383425,-0.6026926,1.6390438,AGGRESSIVE,819191
1.0169485,-0.12197256,-0.6497927,AGGRESSIVE,819192
1.532865,-1.155272,1.7649755,AGGRESSIVE,819192
1.6412983,1.3033264,1.811348,AGGRESSIVE,819193
1.129761,-0.419227,1.5252495,AGGRESSIVE,819193
-0.50697553,-1.3013262,0.22286224,AGGRESSIVE,819194
-0.8314431,-1.0430977,0.20269203,AGGRESSIVE,819194
-0.2451998,0.3951124,-0.83376503,AGGRESSIVE,819195
-0.5955801,-0.5374211,-0.2734022,AGGRESSIVE,819195
-0.027092338,-1.0317612,-0.15457726,AGGRESSIVE,819196
-0.18583906,-0.6956749,-0.3694172,AGGRESSIVE,819196
0.2833959,0.44918144,-1.4786997,AGGRESSIVE,819197
0.21684575,-1.0842683,1.3102503,AGGRESSIVE,819197
0.044712305,-0.69306666,-0.88455963,AGGRESSIVE,819198
0.05604744,-1.4337552,0.34649658,AGGRESSIVE,819199
0.5887182,0.9398683,-0.55409336,AGGRESSIVE,819199
-0.9456129,1.6386452,-0.5297241,AGGRESSIVE,819200
-1.2274115,1.2493948,0.09265232,AGGRESSIVE,819200
0.8798995,2.4032009,-0.85443974,AGGRESSIVE,819201
0.7362387,1.6151888,-0.69898415,AGGRESSIVE,819201
-0.2592281,0.793,-0.64817905,AGGRESSIVE,819202
-0.01167798,-0.14160478,1.3057737,AGGRESSIVE,819202
0.5584898,-0.3311128,0.5630903,AGGRESSIVE,819203
0.38033652,0.4437117,1.7504444,AGGRESSIVE,819203
0.8832021,1.5495355,0.8957052,AGGRESSIVE,819204
1.1176603,0.4024839,1.1144695,AGGRESSIVE,819204
0.07148552,-0.6160946,-0.8899765,AGGRESSIVE,819205
0.55853224,-0.31086773,0.9779415,AGGRESSIVE,819206
-0.47322953,-0.99438447,-1.1353054,AGGRESSIVE,819206
0.68583107,-2.0720568,1.6833868,AGGRESSIVE,819207
-0.533448,-1.8315098,0.06360245,AGGRESSIVE,819207
0.80453384,-1.8244576,-2.1565514,AGGRESSIVE,819208
2.2583122,0.16837251,-0.6786547,AGGRESSIVE,819208
0.17728591,0.87653667,-2.3096557,AGGRESSIVE,819209
0.026802897,-1.5931504,1.2865906,AGGRESSIVE,819209
-0.26581895,-2.6396723,0.2056036,AGGRESSIVE,819210
-2.3980463,-0.5170219,-0.40405464,AGGRESSIVE,819210
-2.4664369,-0.3166592,-0.55205154,AGGRESSIVE,819211
-0.19743025,0.49880517,-1.0338631,AGGRESSIVE,819212
-1.4030904,-0.14374399,-0.3212862,AGGRESSIVE,819212
-2.283477,0.22773159,0.26635647,AGGRESSIVE,819213
-1.6250995,2.393538,-0.047385216,AGGRESSIVE,819213
0.37971187,0.13926822,0.21725178,AGGRESSIVE,819214
0.418248,0.21027479,0.12959957,AGGRESSIVE,819214
0.6172087,2.0297275,0.40171337,AGGRESSIVE,819215
0.38061416,0.1623827,-0.06579685,AGGRESSIVE,819215
0.76840925,0.1935454,-0.15160751,AGGRESSIVE,819216
1.5799209,0.095814645,-1.425353,AGGRESSIVE,819216
1.3410032,-2.010764,0.613637,AGGRESSIVE,819217
0.093435764,-1.8593901,-0.12221527,AGGRESSIVE,819217
-1.7024548,-2.3100448,-2.2806816,AGGRESSIVE,819218
1.0412465,-0.15457124,-1.1167326,AGGRESSIVE,819219
3.4950807,-0.7215951,-1.157978,AGGRESSIVE,819219
1.5164689,-0.058021307,0.46322346,AGGRESSIVE,819220
2.6265702,-1.3666623,-0.7952213,AGGRESSIVE,819220
3.0309324,1.0380102,-0.5838728,AGGRESSIVE,819221
5.388553,1.2117327,-0.5204525,AGGRESSIVE,819221
2.5774088,-0.023980737,-1.0892591,AGGRESSIVE,819222
2.6291888,0.123152375,0.96018696,AGGRESSIVE,819222
0.2872889,-0.17663825,-5.5515685,AGGRESSIVE,819223
-0.19733286,-0.9839571,0.49422073,AGGRESSIVE,819223
2.2514575,0.54577523,0.69600487,AGGRESSIVE,819224
2.264554,-0.15122512,-0.7590618,AGGRESSIVE,819224
3.7068052,-0.10765579,-0.72905827,AGGRESSIVE,819225
2.9649038,-0.78954136,0.72914314,AGGRESSIVE,819226
2.9144783,0.49430797,-0.37851906,AGGRESSIVE,819226
1.868361,1.6155995,-0.5235348,AGGRESSIVE,819227
0.3956046,-0.15095541,0.6434841,AGGRESSIVE,819227
1.1070042,-0.92818886,-0.40846348,AGGRESSIVE,819228
0.40327716,-0.40891707,0.6391039,AGGRESSIVE,819228
-1.061689,-0.45353198,-0.3143816,AGGRESSIVE,819229
0.588933,0.32957944,1.9710665,AGGRESSIVE,819229
1.0672255,1.0595589,0.6143389,AGGRESSIVE,819230
-1.1992073,-1.5247221,0.50730705,AGGRESSIVE,819230
-2.355932,-0.36171854,0.1557045,AGGRESSIVE,819231
-2.8510158,-1.1754292,0.1831398,AGGRESSIVE,819231
-3.207422,0.838457,-0.22101974,AGGRESSIVE,819232
-2.7124162,1.1938679,1.715395,AGGRESSIVE,819233
-0.30656117,-0.90449727,-0.29410172,AGGRESSIVE,819233
-0.81936437,1.0068526,-0.6157026,AGGRESSIVE,819234
-0.25563985,-2.3686347,-1.0100393,AGGRESSIVE,819234
0.5112251,-1.0159371,1.5272408,AGGRESSIVE,819235
1.3157717,-2.1628306,0.032269478,AGGRESSIVE,819235
0.7177973,-1.8691704,0.8709717,AGGRESSIVE,819236
3.0834522,-0.5676542,-0.005417824,AGGRESSIVE,819236
2.2656064,0.07466835,1.9164934,AGGRESSIVE,819237
1.0076776,-1.1996148,0.25804996,AGGRESSIVE,819237
0.61380124,-1.5722823,-1.0634394,AGGRESSIVE,819238
1.4961765,-1.5547633,-1.5148935,AGGRESSIVE,819239
2.2076283,-6.3585253,-0.77087593,AGGRESSIVE,819239
0.13298476,-3.8215244,-2.0262218,AGGRESSIVE,819240
2.812831,-2.4217653,-2.5972385,AGGRESSIVE,819240
1.2215042,-1.6397265,-0.7632618,AGGRESSIVE,819241
2.8418396,-0.04117942,-1.6660185,AGGRESSIVE,819241
3.9880106,0.024005592,0.9604387,AGGRESSIVE,819242
5.703853,0.12580502,-2.0556288,AGGRESSIVE,819242
2.8193154,1.2768258,0.16715622,AGGRESSIVE,819243
2.8460383,2.2042406,0.5604172,AGGRESSIVE,819243
0.22015786,1.7787569,-0.11155987,AGGRESSIVE,819244
-0.35322022,0.20284384,-0.893631,AGGRESSIVE,819244
-0.6192193,-0.6329924,-1.4414892,AGGRESSIVE,819245
0.55489016,0.24593347,0.68401146,AGGRESSIVE,819246
-0.7820617,-0.8490126,1.0969133,AGGRESSIVE,819246
-0.07362747,-2.6260445,-0.704834,AGGRESSIVE,819247
-0.002841711,-2.2712922,-0.70865726,AGGRESSIVE,819247
0.50153327,-2.1934228,-1.306365,AGGRESSIVE,819248
-1.6779006,-1.3067034,1.2689915,AGGRESSIVE,819248
-3.3962212,-2.541273,0.7577152,AGGRESSIVE,819249
-2.0278811,-0.026340961,-1.3620901,AGGRESSIVE,819249
-1.536128,-1.3228943,0.31967258,AGGRESSIVE,819250
1.3765585,1.8194126,-0.49733448,AGGRESSIVE,819250
-0.5257368,0.42190057,0.27075195,AGGRESSIVE,819251
0.35706532,0.42051226,1.9158211,AGGRESSIVE,819251
0.528189,-0.45526862,1.6688137,AGGRESSIVE,819252
-3.112577,0.9617368,0.43820572,AGGRESSIVE,819253
-0.5245774,-0.25839394,1.0285997,AGGRESSIVE,819253
0.15672529,-0.12485576,-0.11037636,AGGRESSIVE,819254
-0.43741876,-0.30337596,-1.1744051,AGGRESSIVE,819254
-0.9119856,1.276383,0.4663601,AGGRESSIVE,819255
-0.31164432,1.068704,0.040981293,AGGRESSIVE,819255
0.35287866,0.9651164,0.90021515,AGGRESSIVE,819256
0.19861925,-0.1273719,0.8023977,AGGRESSIVE,819256
-0.02706337,0.013810396,0.17640018,AGGRESSIVE,819257
-0.1619122,0.838387,-0.84493256,AGGRESSIVE,819257
0.45200872,-0.55360615,1.1348505,AGGRESSIVE,819258
0.53948593,0.6941153,0.7145138,AGGRESSIVE,819258
0.6217079,0.74647945,0.035632133,AGGRESSIVE,819259
0.0843699,-0.14680517,0.36390114,AGGRESSIVE,819260
-1.0196713,-1.1678065,-0.1697855,AGGRESSIVE,819260
-0.28088808,-1.1360557,-0.9250107,AGGRESSIVE,819261
-0.6187942,-1.98911,0.606472,AGGRESSIVE,819261
0.859643,-1.793379,0.099451065,AGGRESSIVE,819262
-0.6355176,-1.5767183,-1.6950631,AGGRESSIVE,819262
-1.262578,-1.790165,-0.9801626,AGGRESSIVE,819263
-0.45079648,-1.5305989,0.18827724,AGGRESSIVE,819263
0.14234066,-1.349816,0.22816849,AGGRESSIVE,819264
2.4159982,0.16665208,0.86100006,AGGRESSIVE,819264
1.4602203,0.0386827,1.4889956,AGGRESSIVE,819265
-0.962693,-0.64983475,-0.23180103,AGGRESSIVE,819266
2.013795,1.2788975,-2.6065173,AGGRESSIVE,819266
0.57405376,0.8923614,-0.96689224,AGGRESSIVE,819267
2.587015,-0.7532729,-0.69731426,AGGRESSIVE,819267
2.9806361,0.27312255,0.89233685,AGGRESSIVE,819268
0.31154013,-0.6165136,1.475462,AGGRESSIVE,819268
0.7503079,-1.1638892,0.34555244,AGGRESSIVE,819269
0.1172868,-0.74415636,1.5796375,AGGRESSIVE,819269
-1.2483845,-1.3980371,0.9090071,AGGRESSIVE,819270
0.7730305,-0.7528565,-1.6628022,AGGRESSIVE,819270
-0.3359177,-1.4488277,-0.22087193,AGGRESSIVE,819271
2.3999114,-0.19727707,-0.6239176,AGGRESSIVE,819271
2.722256,-0.2740841,2.7001429,AGGRESSIVE,819272
1.3609157,0.31068325,-0.9492445,AGGRESSIVE,819273
1.1424448,1.1666042,-1.7912002,AGGRESSIVE,819273
0.12971258,1.3149405,0.16196251,AGGRESSIVE,819274
2.3484886,1.0995541,3.198042,AGGRESSIVE,819274
-0.87134266,-0.8756576,-0.623682,AGGRESSIVE,819275
5.3406696,1.9441955,1.9685249,AGGRESSIVE,819275
0.33670163,-0.56696254,-1.3855648,AGGRESSIVE,819276
-2.3762476,-0.5326245,-0.12322807,AGGRESSIVE,819276
-0.86886,-0.85001606,-0.27031898,AGGRESSIVE,819277
-3.0567303,0.90997994,0.7467537,AGGRESSIVE,819277
-3.018373,1.4134933,-0.030014992,AGGRESSIVE,819278
-2.6389287,0.322896,-0.24575996,AGGRESSIVE,819278
-0.12541234,-0.16473049,2.718791,AGGRESSIVE,819279
0.34933376,-0.62098277,0.6680517,AGGRESSIVE,819280
0.3376652,-0.6407666,0.42655182,AGGRESSIVE,819280
1.6962643,-0.9425242,1.0895987,AGGRESSIVE,819281
2.6561575,-0.16428703,0.16176796,AGGRESSIVE,819281
0.61853385,-1.2324159,0.70466423,AGGRESSIVE,819282
0.29746342,-0.53140295,0.9274454,AGGRESSIVE,819282
-0.8124143,1.0743474,0.8770485,AGGRESSIVE,819283
1.2498305,-0.35809693,0.8143091,AGGRESSIVE,819283
1.2363074,2.5214918,-0.4993248,AGGRESSIVE,819284
0.6513934,-0.909223,1.664897,AGGRESSIVE,819284
0.5041261,-0.25796014,-0.44808674,AGGRESSIVE,819285
-1.4425368,-0.7298624,1.0228071,AGGRESSIVE,819285
0.36422682,1.8632607,-1.3765268,AGGRESSIVE,819286
-0.5276731,-0.8065201,1.7908382,AGGRESSIVE,819287
0.16190362,-0.25172585,-0.049088478,AGGRESSIVE,819287
0.5746982,1.5053835,-1.4354658,AGGRESSIVE,819288
-0.22602987,-0.41219234,0.52903366,AGGRESSIVE,819288
-1.0657077,0.3390516,0.9315567,AGGRESSIVE,819289
-1.5949758,1.7287858,-1.415349,AGGRESSIVE,819289
0.023813844,1.3605076,-0.88795567,AGGRESSIVE,819290
0.8908466,0.40224552,0.41098118,AGGRESSIVE,819290
-0.10940158,0.78772086,0.11784363,AGGRESSIVE,819291
0.27227354,0.5776696,-0.5473461,AGGRESSIVE,819291
0.90537333,0.13223809,-1.216546,AGGRESSIVE,819292
0.04403293,-0.48042786,-0.23330212,AGGRESSIVE,819293
0.7161269,-0.40981436,0.59116554,AGGRESSIVE,819293
-0.5819627,0.5486716,-2.6475635,AGGRESSIVE,819294
0.8532169,1.0224726,0.45566368,AGGRESSIVE,819294
-1.3398659,1.0512261,-1.1706514,AGGRESSIVE,819295
-0.28894293,1.518752,-1.2728481,AGGRESSIVE,819295
0.9173143,0.6519929,1.8687963,AGGRESSIVE,819296
0.5720198,1.2951726,-0.25979614,AGGRESSIVE,819296
0.56350183,-1.103025,-0.83491516,AGGRESSIVE,819297
-0.75444067,-0.26024354,-0.8359699,AGGRESSIVE,819297
0.7041452,0.64571255,-2.5967073,AGGRESSIVE,819298
-0.37754977,-0.94525117,-0.50453854,AGGRESSIVE,819298
-0.8768878,-1.0309904,-0.7694788,AGGRESSIVE,819299
0.08048618,-0.4480071,0.21441746,AGGRESSIVE,819300
-0.038332343,-1.3689659,1.3096209,AGGRESSIVE,819300
0.09601092,-1.4329817,1.1444521,AGGRESSIVE,819301
0.10540295,0.6553904,0.7709284,AGGRESSIVE,819301
1.3126193,1.0174676,-0.023212433,AGGRESSIVE,819302
0.30965245,0.8825598,0.37727737,AGGRESSIVE,819302
-0.19145823,1.0636122,1.2550373,AGGRESSIVE,819303
-0.6973515,0.19616473,-0.06756306,AGGRESSIVE,819303
-0.45718575,0.054429293,-0.47145844,AGGRESSIVE,819304
1.6752645,0.54563284,-0.10392952,AGGRESSIVE,819304
0.86544156,-0.49011314,0.16178417,AGGRESSIVE,819305
1.4004781,0.110939026,-1.1457767,AGGRESSIVE,819305
1.8659096,0.97148407,-1.4598169,AGGRESSIVE,819306
2.1661289,2.1289318,-0.56666946,AGGRESSIVE,819307
1.925802,1.7777147,-0.7758856,AGGRESSIVE,819307
1.2127757,1.5568392,0.48060608,AGGRESSIVE,819308
0.5605984,-0.21759042,0.2011118,AGGRESSIVE,819308
-0.2211802,-0.25617743,-0.49113178,AGGRESSIVE,819309
0.026909351,0.5700896,-0.24991131,AGGRESSIVE,819309
1.0051239,-0.7831391,-0.8737116,AGGRESSIVE,819310
-0.56710374,-2.0054977,1.0421734,AGGRESSIVE,819310
-1.0275891,-0.9419706,0.11432552,AGGRESSIVE,819311
0.94611764,-0.92742825,-0.38464546,AGGRESSIVE,819311
0.29914737,-0.2604607,-1.558476,AGGRESSIVE,819312
-0.21698737,-1.0414071,1.6400213,AGGRESSIVE,819312
1.7904656,-2.5799894,1.0613489,AGGRESSIVE,819313
-0.5628524,-1.0229214,0.97692204,AGGRESSIVE,819314
0.5376284,-0.9532022,-0.011012077,AGGRESSIVE,819314
-1.2206837,-2.012843,1.505723,AGGRESSIVE,819315
-0.51724887,-1.5502769,-0.20708752,AGGRESSIVE,819315
-1.0984454,-1.2505414,0.96637535,AGGRESSIVE,819316
-0.27036166,-1.3917928,0.07750416,AGGRESSIVE,819316
-2.065305,-2.049417,0.575264,AGGRESSIVE,819317
0.03743553,-1.6847906,0.5500345,AGGRESSIVE,819317
-0.3829732,-1.5430366,-2.342658,AGGRESSIVE,819318
-1.4223186,-1.9277229,-0.45894146,AGGRESSIVE,819318
0.17240667,-2.1382942,0.49825287,AGGRESSIVE,819319
-0.95024264,-1.4383183,0.5163851,AGGRESSIVE,819319
0.45436978,0.41770005,0.70447254,AGGRESSIVE,819320
-0.7279308,0.66053003,1.1295671,AGGRESSIVE,819321
-0.75113654,0.6994697,0.07236862,AGGRESSIVE,819321
-1.2586074,1.12766,-0.40907955,AGGRESSIVE,819322
-1.6854374,2.1128254,0.0062856674,AGGRESSIVE,819322
-1.5393046,1.2413485,-0.8505516,AGGRESSIVE,819323
0.66300416,-1.3959627,-0.7535429,AGGRESSIVE,819323
0.95843077,2.345763,0.5962286,AGGRESSIVE,819324
0.4415462,2.8573143,-1.6694431,AGGRESSIVE,819324
-0.17724764,0.16834784,0.36174393,AGGRESSIVE,819325
-0.5280936,0.19789338,0.42483997,AGGRESSIVE,819325
-1.0532234,-0.2593702,0.80481625,AGGRESSIVE,819326
0.75713503,-0.99783885,-0.5463581,AGGRESSIVE,819327
-0.29288864,1.9074903,0.4128437,AGGRESSIVE,819327
0.74599206,2.862759,-0.42494106,AGGRESSIVE,819328
0.41003048,1.0634978,1.1275225,AGGRESSIVE,819328
0.45189166,0.13886994,-0.9213314,AGGRESSIVE,819329
0.929137,-0.14095223,0.4671259,AGGRESSIVE,819329
-0.10153842,-0.1701532,0.09022045,AGGRESSIVE,819330
-0.7264657,-0.75447416,0.37480354,AGGRESSIVE,819330
0.8652122,-0.551044,1.4839869,AGGRESSIVE,819331
-0.17791843,-2.02572,-0.24976063,AGGRESSIVE,819331
1.359431,0.04438305,0.051534653,AGGRESSIVE,819332
0.32485795,-1.4671478,-0.68856335,AGGRESSIVE,819332
0.1340065,-0.86712587,0.6925459,AGGRESSIVE,819333
-0.33025098,-0.11240101,1.0341625,AGGRESSIVE,819334
0.5300487,0.9817702,-0.06664467,AGGRESSIVE,819334
-0.18640256,0.88884753,-0.5707941,AGGRESSIVE,819335
-0.52820647,0.056512475,-0.6378565,AGGRESSIVE,819335
-0.02366817,-0.214131,-0.3364811,AGGRESSIVE,819336
-0.49363148,-0.5443825,0.5673628,AGGRESSIVE,819336
0.9945854,0.25534582,-0.1877346,AGGRESSIVE,819337
0.6088747,0.3892593,0.44762707,AGGRESSIVE,819337
-0.17790413,0.8979733,0.5262947,AGGRESSIVE,819338
0.9222051,1.394556,-1.0096741,AGGRESSIVE,819338
0.26236796,0.8487444,-0.06465721,AGGRESSIVE,819339
-0.7721737,0.107629776,-0.77216244,AGGRESSIVE,819339
1.0972096,-0.6142412,0.16422367,AGGRESSIVE,819340
0.95290935,-0.20932388,0.60432243,AGGRESSIVE,819341
0.93442094,0.7238326,-0.7146082,AGGRESSIVE,819341
-0.00799346,0.045536995,-0.42066765,AGGRESSIVE,819342
0.14622688,-1.4992081,0.60800743,AGGRESSIVE,819342
-0.3113439,-0.35327315,-0.30601883,AGGRESSIVE,819343
0.51353574,0.41605675,-1.1459694,AGGRESSIVE,819343
0.49319983,-0.15392506,0.10267162,AGGRESSIVE,819344
-0.09122801,-0.5096178,0.8990011,AGGRESSIVE,819344
0.5042956,-0.3229512,0.27018642,AGGRESSIVE,819345
-0.03153205,-0.08196616,0.1050787,AGGRESSIVE,819345
-0.09141493,-0.21288371,0.799489,AGGRESSIVE,819346
0.31629014,0.52702963,-0.44628334,AGGRESSIVE,819346
0.74861,0.2730795,0.97029877,AGGRESSIVE,819347
-0.43636727,-0.32228172,0.720109,AGGRESSIVE,819348
0.03533244,0.4227928,0.024489403,AGGRESSIVE,819348
-0.508939,0.19452935,0.20183468,AGGRESSIVE,819349
0.1190878,-0.20356214,0.21995544,AGGRESSIVE,819349
-0.6753311,-0.42998058,-0.3436823,AGGRESSIVE,819350
-0.12487364,-0.2668407,0.73468876,AGGRESSIVE,819350
-0.46850228,-0.5924627,0.5413084,AGGRESSIVE,819351
0.0019985437,-0.8817524,1.4390259,AGGRESSIVE,819351
-0.14610273,-0.17073923,0.007983208,AGGRESSIVE,819352
1.0807484,0.027925253,-0.41388607,AGGRESSIVE,819352
0.051126838,-0.030715704,0.57410145,AGGRESSIVE,819353
0.056168616,0.1621269,-0.16758347,AGGRESSIVE,819354
-0.3737421,-0.10355264,-0.093753815,AGGRESSIVE,819354
-0.34842515,-0.34951508,0.52679825,AGGRESSIVE,819355
-0.11569154,-0.32204604,0.45700073,AGGRESSIVE,819355
-0.088457346,-0.15832782,0.37799835,AGGRESSIVE,819356
0.9189737,-1.1218165,-0.20956612,AGGRESSIVE,819356
2.2595215,-1.2537977,0.24822044,AGGRESSIVE,819357
-0.6768767,-2.1505854,-0.18162918,AGGRESSIVE,819357
0.9031045,-1.1922829,-0.23794651,AGGRESSIVE,819358
2.2350435,-1.5587991,0.6042986,AGGRESSIVE,819358
2.0681422,-2.8594017,1.2000675,AGGRESSIVE,819359
-0.29445788,-2.5702744,0.75661564,AGGRESSIVE,819359
1.5820367,-1.7135837,-0.008264542,AGGRESSIVE,819360
0.23903573,0.43575191,1.1041145,AGGRESSIVE,819361
0.65284777,-0.69266653,0.11218929,AGGRESSIVE,819361
0.69761944,0.1059494,0.33160496,NORMAL,819440
1.1243783,4.3088126,-1.3412209,NORMAL,819440
-0.217551,0.020553976,0.07090187,NORMAL,819441
0.36734557,0.3778225,0.020035744,NORMAL,819442
-0.11302543,-0.038478702,0.14680958,NORMAL,819442
-0.5225023,0.2400856,0.09409523,NORMAL,819443
0.6404054,0.049428344,0.22680283,NORMAL,819443
0.8149357,0.48094022,0.1436739,NORMAL,819444
0.45046258,-0.23571992,0.82512,NORMAL,819444
0.28418875,-0.089425385,-1.9202929,NORMAL,819445
0.09008312,-0.8002374,-0.043866158,NORMAL,819445
0.12320924,-0.43315178,1.7045898,NORMAL,819446
0.4241507,0.3889148,-0.34122276,NORMAL,819446
1.0819912,1.3264052,0.7241125,NORMAL,819447
-0.71894383,-0.8044171,-0.23165894,NORMAL,819447
0.25730276,-0.09916937,0.5135822,NORMAL,819448
0.64927864,0.15767622,0.40373516,NORMAL,819449
-0.17453277,0.31466597,0.7912159,NORMAL,819449
-0.087405205,0.100289285,-0.8016262,NORMAL,819450
-0.27441406,-0.8969488,0.7204943,NORMAL,819450
0.12829947,0.3907208,-0.84582806,NORMAL,819451
0.009639025,0.16373232,0.090786934,NORMAL,819451
0.15864205,0.6136836,0.44084167,NORMAL,819452
-0.58703995,-0.24056044,0.46105576,NORMAL,819452
0.71882725,-0.63634413,0.42449188,NORMAL,819453
0.25771308,0.21064022,-0.04451561,NORMAL,819453
0.0731709,-0.6619785,-0.09654999,NORMAL,819454
-0.18681455,-0.9392421,0.62554836,NORMAL,819455
0.33294892,-0.56116974,0.38470745,NORMAL,819455
0.44809198,-0.1925075,0.18725109,NORMAL,819456
-0.46295726,0.32567728,-0.6242447,NORMAL,819456
-0.12288177,-0.027631521,0.50537205,NORMAL,819457
0.043622136,-0.24423933,-0.35759163,NORMAL,819457
-0.25588977,-0.5182656,0.31749725,NORMAL,819458
0.68661284,0.42335653,-0.016121864,NORMAL,819458
-0.24645984,-0.08490509,0.30947495,NORMAL,819459
0.0042198896,-0.20043123,0.26876068,NORMAL,819459
0.3125,-0.17388123,-0.19367981,NORMAL,819460
-0.9154924,-1.2081854,-0.5323572,NORMAL,819460
-0.25949,0.24186373,0.4891119,NORMAL,819461
1.041501,-0.05662006,0.8382416,NORMAL,819462
-0.59305835,-0.48113045,0.67144585,NORMAL,819462
-0.22470236,1.0760483,0.14479733,NORMAL,819463
0.20492554,-0.27455574,0.2212143,NORMAL,819463
0.14879394,0.6189159,-1.3914986,NORMAL,819464
-1.4450947,-0.21271038,-0.6796274,NORMAL,819464
0.357332,1.0217185,-0.38466358,NORMAL,819465
0.17191458,-0.12730156,-0.42253685,NORMAL,819465
0.49661946,0.9366369,0.28228188,NORMAL,819466
0.25318575,0.508708,0.2457695,NORMAL,819466
-0.07807255,0.5889431,-0.32203197,NORMAL,819467
0.06757295,-0.25794303,-0.62667274,NORMAL,819467
-0.18746305,0.8234885,0.12899685,NORMAL,819468
-0.10006666,-0.19424918,-0.37156773,NORMAL,819469
-0.14371121,0.9605062,-0.04304695,NORMAL,819469
0.43533242,1.1066004,-0.29956055,NORMAL,819470
0.39127564,-0.35605434,0.42989922,NORMAL,819470
0.49404955,-0.87849444,0.10840225,NORMAL,819471
-0.11692512,-0.6091813,0.40710926,NORMAL,819471
1.1651379,-0.77368057,0.4770565,NORMAL,819472
-0.85826766,-0.30279,0.69681454,NORMAL,819472
0.3064952,0.38614845,0.3728752,NORMAL,819473
-0.6341969,-0.27189326,0.8803692,NORMAL,819473
-0.5500022,0.9175602,-1.6458483,NORMAL,819474
-0.28893983,-0.42051315,0.20444202,NORMAL,819474
-0.06852543,0.38630426,0.24597836,NORMAL,819475
-0.33066273,0.5685003,0.061034203,NORMAL,819476
-0.44845724,0.29915893,-0.14809799,NORMAL,819476
-0.052699924,-0.26864004,0.4234333,NORMAL,819477
-0.52271795,-0.01346302,0.32897568,NORMAL,819477
0.0017912984,-0.100798965,-0.25623417,NORMAL,819478
0.14057541,-0.66686,0.30576324,NORMAL,819478
0.0625273,0.010751665,-0.3944168,NORMAL,819479
-0.15583777,0.48558688,-0.18434048,NORMAL,819479
1.4141501,-0.07928556,-1.4936533,NORMAL,819480
2.6670732,-2.530097,0.17928219,NORMAL,819480
1.3463504,0.90393186,0.64733505,NORMAL,819481
0.7830851,2.2755785,-0.9671469,NORMAL,819482
0.10691893,-0.17742538,0.87606907,NORMAL,819482
1.0575358,0.80454123,0.76239014,NORMAL,819483
-0.27300012,2.6157641,-0.75008774,NORMAL,819483
0.9336611,0.8749787,1.3310862,NORMAL,819484
1.3200929,1.9727372,0.1969614,NORMAL,819484
-0.18791008,-0.4022987,0.08600712,NORMAL,819485
1.3690664,-0.09657968,-0.5649071,NORMAL,819485
0.4948399,-1.0829836,-0.28460693,NORMAL,819486
0.61730933,1.0746366,-4.6076813,NORMAL,819486
-0.721995,-0.71037555,0.6640043,NORMAL,819487
-1.0422413,-0.45050484,-0.5179968,NORMAL,819487
-0.048208594,1.367302,0.9293585,NORMAL,819488
-0.45077062,0.75125635,0.48800087,NORMAL,819489
-0.118287206,0.14651015,-2.1765318,NORMAL,819489
0.65536237,-0.5135975,0.8408127,NORMAL,819490
1.0768664,0.49828684,1.2263126,NORMAL,819490
-0.60934186,-1.6438812,0.68566895,NORMAL,819491
0.73395276,1.0395317,-1.0129576,NORMAL,819491
-1.2650683,-1.4211875,-0.76772213,NORMAL,819492
-0.99697614,0.7334719,0.48535538,NORMAL,819492
-1.2154671,-0.5064939,-1.4255962,NORMAL,819493
-0.28396142,-0.029031593,0.9740362,NORMAL,819493
0.9410298,0.70428264,0.20983696,NORMAL,819494
0.30386424,0.0063658208,0.075888634,NORMAL,819494
0.3417505,0.79273826,0.9511919,NORMAL,819495
-0.26744497,0.0042071342,-0.4246645,NORMAL,819496
1.0334367,2.1608737,-1.907382,NORMAL,819496
-0.46743485,-0.5437763,0.108426094,NORMAL,819497
0.72582316,0.029346213,-0.4835167,NORMAL,819497
-0.7177234,-0.35427314,-0.054683685,NORMAL,819498
-0.23143375,0.8843581,-0.31552792,NORMAL,819498
-0.009498715,0.20804593,-0.39558697,NORMAL,819499
-0.94467235,-0.86276335,0.40301418,NORMAL,819499
-0.6300838,0.41967416,-0.42409897,NORMAL,819500
0.38981652,-0.32970104,-0.65648174,NORMAL,819500
-0.5411377,-0.5588072,-0.12018776,NORMAL,819501
1.5729251,0.039164715,-0.63984203,NORMAL,819501
0.15993595,0.09853776,0.54862404,NORMAL,819502
0.8467431,2.0884893,-1.419652,NORMAL,819503
-0.06268573,0.36240524,0.58455944,NORMAL,819503
-0.7331513,0.12621775,-0.64396095,NORMAL,819504
0.17105055,0.20176208,-1.1419992,NORMAL,819504
-0.78460145,-0.5851465,0.46157265,NORMAL,819505
0.41428518,-0.05302477,-0.4828701,NORMAL,819505
0.8763082,-0.6888386,-0.14917946,NORMAL,819506
0.96719456,1.1745114,1.9444933,NORMAL,819506
0.042191982,-0.6845244,-0.82324696,NORMAL,819507
0.051887035,-0.19163644,-0.20382977,NORMAL,819507
0.38695955,2.487391,0.027147293,NORMAL,819508
-0.46563458,0.0041003227,-0.9194908,NORMAL,819509
0.022613764,-0.11751151,-0.123062134,NORMAL,819509
0.3190694,-0.40879583,-0.1230669,NORMAL,819510
-0.019998074,-0.06565714,-0.080818176,NORMAL,819510
-0.45318615,-0.5498024,-0.012434959,NORMAL,819511
-0.20565176,0.22916186,-0.030788422,NORMAL,819511
0.2464118,-0.5648302,0.1540947,NORMAL,819512
0.028584957,0.39306512,-0.06616688,NORMAL,819512
0.21058583,0.037997603,0.21353436,NORMAL,819513
0.33819604,0.04613757,0.3137169,NORMAL,819513
0.7000358,-0.25047064,-0.21387577,NORMAL,819514
0.009277463,0.30550766,0.26566792,NORMAL,819514
-0.6014678,0.114292584,-0.046272278,NORMAL,819515
-0.7478745,-0.16505235,0.18140507,NORMAL,819516
0.30029416,-0.5579731,-0.48653507,NORMAL,819516
-0.07249045,0.63140726,0.330163,NORMAL,819517
-0.96828103,-0.37800562,-0.19768429,NORMAL,819517
0.5738919,0.8130574,-0.2739296,NORMAL,819518
0.1079638,0.43011165,-0.18759155,NORMAL,819518
0.6613252,0.3816893,0.2083168,NORMAL,819519
0.12093854,0.2705628,0.5513563,NORMAL,819519
0.42951107,-0.5822859,-0.2868824,NORMAL,819520
-0.9005631,0.0013919473,0.84343815,NORMAL,819520
0.2516935,0.6816205,0.57807064,NORMAL,819521
-1.6923156,0.512515,-0.43820477,NORMAL,819521
0.41903305,0.59953797,-0.32215786,NORMAL,819522
0.054151773,0.015072346,-0.5352535,NORMAL,819523
0.5864544,-0.16654402,-1.6975908,NORMAL,819523
-0.19005919,0.7279354,-0.20858955,NORMAL,819524
-0.55135465,0.060630113,-0.9669094,NORMAL,819524
0.1260624,1.1943077,-0.23908043,NORMAL,819525
0.3533249,0.81591773,-0.06632328,NORMAL,819525
1.9444711,0.5449353,0.009274483,NORMAL,819526
0.21153784,-0.09555691,0.5750704,NORMAL,819526
-0.9496896,2.1556995,-1.4708252,NORMAL,819527
-0.9040489,0.06980638,-0.87588596,NORMAL,819527
0.17493439,-1.2348254,-0.95984936,NORMAL,819528
-0.2572248,0.0583708,0.67972565,NORMAL,819528
-2.5929985,-1.4784163,5.5640373,NORMAL,819529
-1.9297379,-1.2642126,-0.71424484,NORMAL,819530
0.816648,0.9263803,1.6271696,NORMAL,819530
0.8080375,-1.6055343,0.03119278,NORMAL,819531
0.22804022,-1.0950255,1.1202707,NORMAL,819531
1.8323736,-0.21819359,-0.31297302,NORMAL,819532
0.308604,-0.21645236,0.9488859,NORMAL,819532
0.0673964,-0.3178376,-0.7929373,NORMAL,819533
-0.3519466,-0.86879015,-0.1840992,NORMAL,819533
-0.080850124,0.728244,-0.68988895,NORMAL,819534
0.20079207,1.1160779,0.041261673,NORMAL,819534
-0.12383926,-0.06591678,-0.2797022,NORMAL,819535
0.24790359,-0.028078854,-1.0183802,NORMAL,819536
0.083064675,0.35460365,0.27938366,NORMAL,819536
0.038974643,1.1164875,-1.1400537,NORMAL,819537
-0.38649452,-1.0110441,0.16748714,NORMAL,819537
-0.6068866,0.60555565,-0.13221455,NORMAL,819538
0.06033373,0.6642108,-0.20691681,NORMAL,819538
0.9628811,-0.052524984,-0.2950878,NORMAL,819539
0.3197844,-1.3024107,0.84279823,NORMAL,819539
0.024622917,0.47602585,0.9874344,NORMAL,819540
-1.0858963,0.15582448,2.8796434,NORMAL,819540
0.015221119,-0.21335603,-0.58251953,NORMAL,819541
-0.10466933,-1.6371114,0.6219311,NORMAL,819541
-2.5357232,-1.9561961,-2.990366,NORMAL,819542
0.61787105,0.6228875,-0.32417297,NORMAL,819543
-3.2182884,-0.0078793615,-1.3176441,NORMAL,819543
0.27630258,-0.98631394,0.8211317,NORMAL,819544
-1.271618,-0.94195557,-1.4500647,NORMAL,819544
-3.5900722,-1.1844693,-1.7470059,NORMAL,819545
-1.7460692,-0.18315959,3.9191122,NORMAL,819545
-2.1807466,0.90914834,2.5488214,NORMAL,819546
0.08031583,1.2522545,0.7522955,NORMAL,819546
-0.2003789,0.54153043,1.3906231,NORMAL,819547
-0.69248366,0.46245855,0.09549141,NORMAL,819547
1.9187105,0.69342875,0.65168667,NORMAL,819548
-0.06474185,0.42775357,-0.058760643,NORMAL,819548
-1.5378883,-0.91835517,-1.8823719,NORMAL,819549
-1.2500601,-2.0630236,-0.81221485,NORMAL,819550
-0.08369815,1.7449424,2.33434,NORMAL,819550
-0.85946035,-0.91636467,-0.55885696,NORMAL,819551
-0.56587636,-0.6286853,-2.2471743,NORMAL,819551
0.013121843,-0.23713696,2.036068,NORMAL,819552
-1.4784863,-2.6180902,3.8572664,NORMAL,819552
0.10786915,0.56479365,-0.7878208,NORMAL,819553
-0.47683692,1.4558856,1.0746717,NORMAL,819553
0.0538764,-1.1435663,1.0381451,NORMAL,819554
0.6955106,-0.7061343,-0.705286,NORMAL,819554
1.1968477,0.63978803,2.2474842,NORMAL,819555
0.2570927,0.43742755,-0.7928028,NORMAL,819555
-0.025179863,0.08509439,-0.8476181,NORMAL,819556
-1.054935,-1.1766479,0.49060535,NORMAL,819557
-0.6363251,0.6379201,-1.4322281,NORMAL,819557
0.3040719,-0.61601967,2.4498663,NORMAL,819558
1.6986086,-0.5766891,-0.43662167,NORMAL,819558
-0.17834342,0.1895321,2.5974836,NORMAL,819559
0.90368176,0.52615875,0.25633144,NORMAL,819559
-0.7331468,-0.768424,-1.297328,NORMAL,819560
0.67398334,-0.9895993,-0.3786192,NORMAL,819560
-0.5681472,0.59455836,-0.070747375,NORMAL,819561
0.5805261,0.77457476,-0.12042427,NORMAL,819561
-0.036318064,-0.19170958,-0.50576305,NORMAL,819562
0.9171889,0.02632758,0.05183029,NORMAL,819563
-0.011755228,-0.22378919,-0.11099529,NORMAL,819563
-1.1578584,-1.7967088,-2.3013058,NORMAL,819564
-0.18253303,-1.3183713,-0.3672495,NORMAL,819564
-0.7755047,-1.3017459,3.056983,NORMAL,819565
-1.2442031,-1.609046,-2.9738297,NORMAL,819565
0.24637842,-0.8495419,1.3231401,NORMAL,819566
0.03171277,-0.29809391,1.828145,NORMAL,819566
0.21580958,-2.0609784,1.6998215,NORMAL,819567
0.48505163,-0.43181252,-1.0582781,NORMAL,819567
2.2660518,0.29504144,0.9633608,NORMAL,819568
0.49756312,-1.2896086,-0.19132996,NORMAL,819568
2.1777692,1.4761497,0.986495,NORMAL,819569
-2.5745564,-0.48230925,1.6351881,NORMAL,819570
-1.25177,-0.57164097,-4.218211,NORMAL,819570
-0.6353648,-1.1872847,0.56053543,NORMAL,819571
1.8741603,-0.9598794,-0.018735886,NORMAL,819571
1.4766922,0.26743382,-3.2691712,NORMAL,819572
0.2971878,-0.8020054,-0.8657465,NORMAL,819572
2.1435387,0.24831694,0.65990543,NORMAL,819573
1.6698055,-1.3600125,-1.3737268,NORMAL,819573
1.6285486,-1.5530307,1.271658,NORMAL,819574
0.25890112,-1.924473,-0.24196434,NORMAL,819574
2.045285,0.27950585,-1.9728684,NORMAL,819575
1.3718107,-1.6905184,0.23275375,NORMAL,819575
1.7436206,-2.735527,-1.0462732,NORMAL,819576
1.4269555,-1.5271842,-3.997344,NORMAL,819577
1.0688744,0.12728131,-0.51081944,NORMAL,819577
1.1730483,0.11775553,-1.9413872,NORMAL,819578
0.3299253,-1.2381232,0.83000183,NORMAL,819578
0.24343872,0.78459895,0.5014458,NORMAL,819579
-1.6971084,-0.031757236,3.5086412,NORMAL,819579
-1.8274636,-1.381585,-0.3001566,NORMAL,819580
1.3509634,0.8349285,0.49930573,NORMAL,819580
0.75986004,0.87586224,-1.0122766,NORMAL,819581
-0.44069123,0.14686286,-1.3701334,NORMAL,819581
0.5969951,0.18785143,4.5963974,NORMAL,819582
0.5544901,-0.54546946,-0.35501862,NORMAL,819582
0.2833004,-1.1724802,0.20745277,NORMAL,819583
-1.2280824,-1.9139626,0.4065523,NORMAL,819584
-1.1398002,0.58134925,0.38794422,NORMAL,819584
-2.1260684,-0.67605686,-1.1583414,NORMAL,819585
-1.7988591,-1.3345037,0.4689417,NORMAL,819585
-0.84350693,-0.92892295,0.7613182,NORMAL,819586
-2.0933359,0.30168903,-0.43927574,NORMAL,819586
-0.9976921,-1.5958757,-0.3856306,NORMAL,819587
-1.1433485,-0.63905334,2.518012,NORMAL,819587
-0.8542117,-0.9443806,0.8331499,NORMAL,819588
-2.41249,-0.38383597,-0.26286125,NORMAL,819588
-0.07361412,2.3774252,2.2287579,NORMAL,819589
-0.24061096,0.44267875,-0.018463135,NORMAL,819590
-0.8658625,1.4030583,-1.4586325,NORMAL,819590
-1.7525957,-0.69862807,-0.42364502,NORMAL,819591
-0.6004181,0.37264794,0.98732185,NORMAL,819591
0.1767844,1.8595116,2.628088,NORMAL,819592
1.4775758,0.4904724,1.9850426,NORMAL,819592
0.71959543,0.69911844,-1.5100584,NORMAL,819593
1.23267,-1.2056813,3.7077065,NORMAL,819593
0.09862733,0.84368485,-0.6125717,NORMAL,819594
1.9446377,0.7584289,-0.10093212,NORMAL,819594
0.103995085,-0.80568135,-0.74095535,NORMAL,819595
1.6774428,0.544759,-0.32239628,NORMAL,819595
-1.5148216,-0.2883418,0.40450382,NORMAL,819596
1.6608409,-0.21731701,0.0046281815,NORMAL,819597
0.28999853,-2.4422278,-0.63167477,NORMAL,819597
0.7472304,-1.5388339,-2.8037686,NORMAL,819598
-0.80438304,-1.2094462,0.80375767,NORMAL,819598
-0.73529136,0.45391503,0.84805393,NORMAL,819599
0.54214895,-1.8295181,-1.8186641,NORMAL,819599
1.1437966,2.1099622,0.06462479,NORMAL,819600
0.11976266,-1.1462092,0.4756136,NORMAL,819600
1.1337607,-0.42574444,-1.0102367,NORMAL,819601
-0.773438,-0.93460786,-2.173778,NORMAL,819601
1.201004,-0.7591592,0.979702,NORMAL,819602
0.0057821274,-0.885656,-1.4044876,NORMAL,819602
-0.6624297,-3.0664062,0.705163,NORMAL,819603
-0.41004515,0.14618373,1.7964268,NORMAL,819604
0.80798125,-0.33760774,-1.2008381,NORMAL,819604
0.7139244,0.33632314,1.3921099,NORMAL,819605
0.95075154,-0.104726166,0.53203106,NORMAL,819605
-0.7377111,-0.56948584,3.2838535,NORMAL,819606
-0.45426762,0.5264826,2.5333366,NORMAL,819606
-2.2486467,-0.12496756,0.46078682,NORMAL,819607
0.3749876,0.39118844,-0.7269783,NORMAL,819607
-0.65440106,1.4069034,1.2937737,NORMAL,819608
-1.7975525,0.2844869,0.22329521,NORMAL,819608
-1.4854791,-1.0586014,-0.13311481,NORMAL,819609
-1.5929831,-0.5956075,1.650918,NORMAL,819609
-0.5090418,-0.15678588,1.275588,NORMAL,819610
-2.0789933,0.66475636,1.726429,NORMAL,819611
-3.0885856,-0.49988607,0.9795313,NORMAL,819611
-2.9958847,-0.16706783,1.6360159,NORMAL,819612
-2.5856998,0.2698185,-0.3722973,NORMAL,819612
-1.6472766,1.2913295,2.379506,NORMAL,819613
-1.3931785,0.5019939,-1.1569824,NORMAL,819613
-1.146857,1.5371252,0.5561447,NORMAL,819614
-0.9426938,-0.6099049,1.1678848,NORMAL,819614
-0.5429692,-0.52510625,2.250723,NORMAL,819615
-1.0736992,-1.7181549,1.5278225,NORMAL,819615
-2.6838105,-0.49780822,0.34326267,NORMAL,819616
-0.11831188,-1.1372756,0.77111053,NORMAL,819617
-0.85550624,0.6281711,3.0839968,NORMAL,819617
-0.73564553,-0.777085,1.9971027,NORMAL,819618
-0.22236747,1.2147036,-0.39737797,NORMAL,819618
-0.16693425,-0.26125437,-0.8644104,NORMAL,819619
-0.18554491,0.034733236,0.05643177,NORMAL,819619
-0.118507445,0.22149241,1.0539246,NORMAL,819620
0.35887152,-0.7623273,-2.5868874,NORMAL,819620
1.3651977,0.22521031,-1.0250263,NORMAL,819621
-0.15240967,1.2006474,1.4222183,NORMAL,819621
3.2955122,0.7550264,-0.60510635,NORMAL,819622
1.6209155,0.6900959,0.39456177,NORMAL,819622
0.87569976,-1.5194216,-1.0645456,NORMAL,819623
1.9040961,-0.71151626,-1.1846552,NORMAL,819624
0.28294683,-0.95734453,-3.1464891,NORMAL,819624
1.7542987,-1.2099383,0.5758219,NORMAL,819625
1.607657,0.060273048,1.566638,NORMAL,819625
1.7439744,-0.43523037,-1.5918555,NORMAL,819626
1.7217288,-0.13366394,-3.193983,NORMAL,819626
0.3640499,-0.8324153,-3.774732,NORMAL,819627
1.682023,0.06318988,-0.07340145,NORMAL,819627
1.0878785,0.6190006,-0.3240757,NORMAL,819628
1.4730344,-0.15389277,0.4940977,NORMAL,819628
-1.1355172,0.029520273,1.1313305,NORMAL,819629
-0.48980236,0.8907536,0.89194775,NORMAL,819629
0.11089969,0.11485204,0.80216885,NORMAL,819630
-0.36172462,0.37958866,-1.0216589,NORMAL,819631
-0.11890173,-0.7860112,0.05407238,NORMAL,819631
-0.57771444,-0.26035717,3.1970558,NORMAL,819632
0.5525737,0.16327924,1.1910896,NORMAL,819632
-0.59273684,-0.38324493,-0.051706314,NORMAL,819633
-0.8884932,-0.6991928,-0.36283588,NORMAL,819633
-0.10350704,-1.3094327,0.22064495,NORMAL,819634
-0.34202766,-1.3744916,1.9984789,NORMAL,819634
-0.46217227,-0.7102402,0.74433994,NORMAL,819635
-1.2690635,-1.0353787,0.5926304,NORMAL,819635
0.12929821,-1.6351767,-0.68587685,NORMAL,819636
-0.22440147,-0.4232006,-0.2016344,NORMAL,819636
0.3042016,0.7947527,-0.6121235,NORMAL,819637
-0.49432003,0.83255804,0.3712206,NORMAL,819638
-1.5282123,-0.28458107,-0.14221,NORMAL,819638
-0.8828026,-1.0808667,-1.3615198,NORMAL,819639
0.019810319,-1.5440063,-0.13946152,NORMAL,819639
0.3576635,-2.337233,-2.3255978,NORMAL,819640
-0.37373537,0.14606029,0.4749689,NORMAL,819640
0.22734654,0.57075804,-0.14052773,NORMAL,819641
1.3769989,0.3433873,0.29098415,NORMAL,819641
1.0471586,-0.33913907,-0.6100035,NORMAL,819642
1.1580857,0.87238985,-0.44413662,NORMAL,819642
0.092727184,-0.8118316,0.2746439,NORMAL,819643
2.0002944,0.01717174,1.148716,NORMAL,819643
-0.09522784,-0.60816985,-0.67401886,NORMAL,819644
0.88139594,-0.25850952,-0.8018694,NORMAL,819645
0.74037504,0.39254165,0.258543,NORMAL,819645
0.6708268,-0.49930662,-0.97382736,NORMAL,819646
0.48746812,-0.97867393,0.4147234,NORMAL,819646
0.010756254,0.3689569,-1.6416354,NORMAL,819647
1.4066967,0.9589691,-0.17246628,NORMAL,819647
1.4144078,1.3108739,-0.25243282,NORMAL,819648
0.24583924,0.5459808,-0.98596954,NORMAL,819648
-0.22223544,-0.93797505,-1.1266575,NORMAL,819649
0.27410567,0.019211426,-0.67529106,NORMAL,819649
-1.1922137,-1.3102219,0.20212364,NORMAL,819650
-0.82443774,-0.7733672,-1.771102,NORMAL,819651
1.2469288,-0.017529555,-1.1372223,NORMAL,819651
0.34335196,-0.39868814,0.18073654,NORMAL,819652
-0.43555117,0.3917485,0.46170235,NORMAL,819652
-0.6661689,-1.4864056,0.60349274,NORMAL,819653
-0.08033562,0.34041572,-0.30860806,NORMAL,819653
0.6713352,0.40679544,1.2435808,NORMAL,819654
-0.054641843,-0.16049,-0.32905674,NORMAL,819654
-1.9091166,-0.43390286,-0.670372,NORMAL,819655
0.7816837,0.07927972,0.28336716,NORMAL,819655
0.052142143,-0.6769805,0.41662598,NORMAL,819656
-0.08015823,-0.4782703,0.37443542,NORMAL,819656
0.7397864,-0.31350684,1.5087833,NORMAL,819657
-0.040213108,-0.46972683,1.2061977,NORMAL,819658
-0.35760272,0.94711465,-0.66621494,NORMAL,819658
-0.34872603,-0.06834155,0.19248486,NORMAL,819659
0.96484375,-0.18730521,0.07084179,NORMAL,819659
0.42364883,-0.3733074,-0.52657986,NORMAL,819660
0.93883204,0.6934708,0.62614536,NORMAL,819660
1.2670922,0.795895,-0.055789948,NORMAL,819661
-1.2100546,-0.5294382,0.8661804,NORMAL,819661
-0.22502172,0.8532769,-0.47532845,NORMAL,819662
-0.2910776,0.44398558,-0.18704128,NORMAL,819662
-2.2584624,-2.3579798,1.8637075,NORMAL,819663
-1.8160548,-1.0275242,-0.22484207,NORMAL,819663
0.9370954,-0.9740295,-0.2828226,NORMAL,819664
-1.2630744,-0.37422973,-1.7899652,NORMAL,819665
0.75295067,0.6697157,-1.599349,NORMAL,819665
0.47388744,-0.15170026,1.4843235,NORMAL,819666
-0.40191388,-0.7720579,-0.54704666,NORMAL,819666
0.9160187,0.2243512,0.34998703,NORMAL,819667
-1.1642305,-0.5766072,0.09557819,NORMAL,819667
0.9732535,1.0307206,0.5528517,NORMAL,819668
0.119763374,0.95918894,0.023593903,NORMAL,819668
1.4699389,-0.19459635,0.5371723,NORMAL,819669
-0.27448666,0.34654862,0.21104145,NORMAL,819669
-0.40424895,-0.37151808,-0.4109125,NORMAL,819670
1.7851484,1.4113709,0.073493004,NORMAL,819670
-0.7158718,-0.30991548,0.22075939,NORMAL,819671
-0.49501944,0.35010523,0.25576687,NORMAL,819672
0.93223715,0.31157076,0.9610443,NORMAL,819672
-0.13375807,0.73237145,0.24283123,NORMAL,819673
0.7227273,0.2849759,-1.1569357,NORMAL,819673
-0.12200928,0.55291826,0.41733074,NORMAL,819674
-1.3816619,-0.5556413,-0.03401375,NORMAL,819674
0.23491883,0.21158782,-1.0844393,NORMAL,819675
-0.18027985,0.9668913,0.24288177,NORMAL,819675
-0.156569,-0.9369167,0.58906364,NORMAL,819676
-0.7672069,-0.70432293,-1.0008163,NORMAL,819676
2.1916335,0.90066373,-0.20307922,NORMAL,819677
-0.01104188,0.043768704,0.8329792,NORMAL,819678
0.22945178,-0.91228914,-0.50124836,NORMAL,819678
0.9403124,-0.27826026,0.35099888,NORMAL,819679
-0.28978026,-0.11602512,0.29096222,NORMAL,819679
-0.27383327,-0.19851318,0.3475027,NORMAL,819680
-0.43863356,-0.20516554,-0.6306219,NORMAL,819680
-0.42814207,0.30874962,-0.4707651,NORMAL,819681
-0.14230168,-0.15405127,-0.2788906,NORMAL,819681
0.69282174,-0.13475057,-0.09157562,NORMAL,819682
0.4069345,-0.48963958,-0.32310677,NORMAL,819682
-0.16632521,-0.8011765,-0.35460663,NORMAL,819683
0.91601574,0.09326312,-0.29034328,NORMAL,819683
1.1963912,-0.12536359,0.4943161,NORMAL,819684
1.3829857,-0.33087066,-0.045054436,NORMAL,819685
1.2301298,1.1769094,-0.90325165,NORMAL,819685
0.2170173,0.8040844,-0.43469524,NORMAL,819686
0.42782307,0.2983324,-0.4097309,NORMAL,819686
-0.123536706,-0.793239,0.1666317,NORMAL,819687
0.19191432,-1.3373138,0.117845535,NORMAL,819687
0.2146368,-2.4626443,-0.3442974,NORMAL,819688
-0.3258282,-1.6751795,1.0043116,NORMAL,819688
0.44219625,-3.0152872,-0.8552933,NORMAL,819689
0.23330331,-2.5599349,-0.38830662,NORMAL,819689
0.21068001,-2.2259016,0.42211342,NORMAL,819690
1.0223712,-0.1948638,0.32389355,NORMAL,819690
-0.22766542,-0.029378414,0.80867004,NORMAL,819691
0.114050865,0.16494894,0.5379839,NORMAL,819692
-0.093877524,0.2517357,-0.06354332,NORMAL,819692
-0.018907845,0.092588365,0.26575947,NORMAL,819693
0.41104996,-0.6485538,0.17467976,NORMAL,819693
0.5011444,0.22542346,-0.21639252,NORMAL,819694
0.46028578,-0.4236166,-0.6993742,NORMAL,819694
0.38718414,-1.5471288,-0.47869778,NORMAL,819695
1.2449186,-1.4855254,0.16198444,NORMAL,819695
0.55333066,-0.15249205,-0.03361988,NORMAL,819696
-0.0751853,0.066630185,-0.20616627,NORMAL,819696
-0.17070675,0.1816966,-0.19864559,NORMAL,819697
-0.15552974,0.19036973,-0.061408997,NORMAL,819697
0.21097386,-0.19585395,0.49866104,NORMAL,819698
0.055915833,0.63366115,0.60260487,NORMAL,819699
0.79115593,0.80694765,-0.21597576,NORMAL,819699
-0.040480614,-0.06655729,0.55401516,NORMAL,819700
-0.593575,0.3296203,0.24614239,NORMAL,819700
-0.06680465,0.15864092,-0.5377703,NORMAL,819701
-0.031425238,0.0026763082,0.18207932,NORMAL,819701
-0.17161465,-0.105549335,0.3674612,NORMAL,819702
0.10827017,-0.061800763,-0.15465641,NORMAL,819702
-0.11537528,-0.10891697,-0.21268749,NORMAL,819703
0.41900277,0.20116758,0.19146919,NORMAL,819703
-0.18712592,-0.27273813,0.36082077,NORMAL,819704
-0.18668103,-0.015683383,0.3598032,NORMAL,819705
0.5190153,0.345936,-0.45143986,NORMAL,819705
-0.5323782,0.26012522,-0.06718826,NORMAL,819706
0.06641936,0.40992236,0.47388268,NORMAL,819706
-0.19016111,0.11790848,0.016263962,NORMAL,819707
-0.04119432,-1.067728,-0.6363478,NORMAL,819707
-0.55222255,0.4878019,0.3996973,NORMAL,819708
-0.36810088,-0.83352304,1.0102434,NORMAL,819708
0.27814722,-0.8476457,-0.07775879,NORMAL,819709
0.429775,0.16572022,1.0180378,NORMAL,819709
0.6374215,1.7610035,-0.5352373,NORMAL,819710
0.3324808,0.8896878,0.0733099,NORMAL,819710
0.2520442,-0.26006263,0.91734314,NORMAL,819711
1.4884672,1.326464,-0.8127489,NORMAL,819712
1.2466242,-0.8982107,-0.6715927,NORMAL,819712
-0.63489985,-1.0217842,-1.0310879,NORMAL,819713
-0.45835984,-0.16163713,0.6671524,NORMAL,819713
-0.4794438,0.1088447,0.4065857,NORMAL,819714
-0.47525108,-0.021272898,0.22581387,NORMAL,819714
0.1575582,1.0732123,0.7693138,NORMAL,819715
-0.7417301,-1.5360008,-0.13689518,NORMAL,819715
-0.39812708,1.2096269,0.0637064,NORMAL,819716
1.562933,-0.78387165,-0.010087013,NORMAL,819716
-0.3579247,-1.3790075,-0.050811768,NORMAL,819717
-1.1004963,-1.259039,-0.5050068,NORMAL,819717
0.10609293,-0.6496707,0.6239996,NORMAL,819718
0.7784617,0.9751879,-0.9898443,NORMAL,819719
0.6399298,0.110566825,-1.02524,NORMAL,819719
0.21207404,0.38394696,0.00066947937,NORMAL,819720
0.33154225,0.16946054,-0.5828991,NORMAL,819720
-0.39738965,-0.40224996,0.4703493,NORMAL,819721
-1.0563784,-0.43204993,0.122083664,NORMAL,819721
-0.12527609,0.55506927,0.8313246,NORMAL,819722
-0.0018119812,-0.23545912,0.4155836,NORMAL,819722
-0.16548455,-0.8058642,-0.5748968,NORMAL,819723
-0.59557295,0.002704613,1.1347857,NORMAL,819723
-0.2539755,-0.67213225,0.3987484,NORMAL,819724
0.23046088,-0.034508895,0.25788975,NORMAL,819724
-0.50275767,-0.3450093,0.5548334,NORMAL,819725
-0.6537423,1.1101812,0.3085518,NORMAL,819726
-0.4568838,-0.4806454,0.31228065,NORMAL,819726
-0.06943059,0.3664011,-0.10767841,NORMAL,819727
-0.008909464,0.9147516,0.13369083,NORMAL,819727
0.31689358,-0.072712876,-0.65704536,NORMAL,819728
0.68729806,-0.30515024,-0.20588398,NORMAL,819728
-0.23575103,-0.5764931,0.10907173,NORMAL,819729
0.93766165,0.2625809,1.0231161,NORMAL,819729
-0.55410755,0.124307245,-0.5251303,NORMAL,819730
0.26962113,-0.8830911,-0.38508892,NORMAL,819730
0.69780064,-1.081923,-0.28413677,NORMAL,819731
1.1408199,0.5451913,0.9354429,NORMAL,819732
-1.0880544,-0.9258491,-0.22787666,NORMAL,819732
-0.11286044,0.1550539,-0.06820774,NORMAL,819733
-1.7604014,-1.4868883,1.2762117,NORMAL,819733
-0.1823368,-0.08131401,-0.60314846,NORMAL,819734
-0.0380826,0.4184468,-0.83465385,NORMAL,819734
-0.11637902,0.07985501,0.68751144,NORMAL,819735
0.54479384,0.7343402,0.679739,NORMAL,819735
0.20516133,0.6338358,0.023386002,NORMAL,819736
-0.14532113,-0.32087243,0.13595867,NORMAL,819736
-1.1229378,0.52531016,-0.6624956,NORMAL,819737
-1.019841,-0.022944242,-0.33764076,NORMAL,819737
-1.4526356,-1.0807331,0.27046394,NORMAL,819738
-1.1156191,-1.3985928,1.1137466,NORMAL,819739
0.77557445,-1.0661643,1.050662,NORMAL,819739
-0.84250295,-0.07383531,-0.79077625,NORMAL,819740
-1.009036,-1.7919924,0.033999443,NORMAL,819740
0.54109883,-1.1303232,-0.27791977,NORMAL,819741
-0.41459835,-0.396294,-0.89555454,NORMAL,819741
0.6754594,-0.11806655,-0.49984646,NORMAL,819742
0.047496796,-0.8718327,0.9968786,NORMAL,819742
-0.03604412,-0.17091045,0.53518295,NORMAL,819743
0.0914489,-0.5476173,-0.4368,NORMAL,819743
0.7871301,-0.70804566,0.4132309,NORMAL,819744
-0.46548605,0.12227303,-1.8234601,NORMAL,819744
-0.36408556,-0.5022062,-0.51933,NORMAL,819745
0.5356431,0.76722914,0.33683014,NORMAL,819746
-0.16991651,-0.7847386,1.0975533,NORMAL,819746
1.2152193,0.41720176,0.15702057,NORMAL,819747
-0.058327317,-0.26439726,0.3822918,NORMAL,819747
-0.29171085,-0.30647177,0.22200298,NORMAL,819748
0.12322605,-0.08524388,0.3032503,NORMAL,819748
0.016262531,-0.45781517,-0.8886137,NORMAL,819749
0.55100536,0.5938047,-0.3073969,NORMAL,819749
0.767249,-0.22975326,1.7685375,NORMAL,819750
-0.318918,-1.1004881,0.020079613,NORMAL,819750
0.6802857,-0.4455669,1.5261059,NORMAL,819751
0.49609208,-0.44635832,-0.9303341,NORMAL,819751
-0.8348632,-0.03744054,-0.070996284,NORMAL,819752
-0.091501,0.7912082,-1.6597753,NORMAL,819753
-0.13184702,0.1125114,1.1624155,NORMAL,819753
-0.058020473,0.28826985,-1.480731,NORMAL,819754
-0.068933845,-0.99208313,0.3665104,NORMAL,819754
0.888947,0.9113374,-0.21787357,NORMAL,819755
0.33289933,-0.21730673,0.23791695,NORMAL,819755
0.59894276,0.9524411,0.35136795,NORMAL,819756
-0.714656,-0.4018001,-0.6353159,NORMAL,819756
-1.0380454,-0.23470366,1.0469103,NORMAL,819757
0.26209903,0.80532396,-0.22258663,NORMAL,819757
0.31829417,1.19048,1.0760641,NORMAL,819758
0.25442195,-0.1597299,-1.1637363,NORMAL,819759
1.5509593,0.7002132,0.9626684,NORMAL,819759
-0.69334424,-0.14083678,0.24528217,NORMAL,819760
-1.1231011,0.8597987,-1.019762,NORMAL,819760
-0.49213338,-0.40326208,-0.1746273,NORMAL,819761
0.59051085,-0.7129276,-0.24339485,NORMAL,819761
-0.9143146,-0.17333835,-2.1392765,NORMAL,819762
-0.36829996,-0.40753183,2.2729015,NORMAL,819762
0.17730165,-0.7945051,0.48860455,NORMAL,819763
0.8056288,-0.13602313,-1.4439192,NORMAL,819763
0.31996334,-0.60325956,-0.99657154,NORMAL,819764
-0.19979393,-0.7168438,-0.22861195,NORMAL,819764
0.54476714,-0.03635487,0.5960531,NORMAL,819765
-0.50561225,0.60416764,-0.49315166,NORMAL,819766
-0.66990626,-0.6674539,-0.60788536,NORMAL,819766
-0.7178025,-1.2741568,-2.3988366,NORMAL,819767
-0.1105746,-0.96602076,-0.664978,NORMAL,819767
-0.32531416,-1.0248947,0.98978996,NORMAL,819768
0.5056838,-0.7797299,0.45672226,NORMAL,819768
0.482419,-1.0404449,-1.204546,NORMAL,819769
0.70656264,-1.6643841,-0.873868,NORMAL,819769
-1.3225489,-0.56063026,-0.18801403,NORMAL,819770
1.0460941,-0.11537421,-0.70688057,NORMAL,819770
0.30098796,0.011128902,-0.32846737,NORMAL,819771
-1.1977246,-0.95287,-0.43384075,NORMAL,819771
-1.3626134,-1.1720281,0.37956238,NORMAL,819772
-1.1952538,-0.5178969,0.7775774,NORMAL,819773
-2.2093844,-0.7989862,0.83541775,NORMAL,819773
-0.7898119,0.25746292,0.6192932,NORMAL,819774
-0.9570389,-0.24549031,0.6225319,NORMAL,819774
-0.82008886,0.61202633,-0.60627174,NORMAL,819775
0.9475175,1.93904,-0.4729395,NORMAL,819775
-0.70333785,0.12781328,-0.56382465,NORMAL,819776
-0.16846085,1.0032606,-0.12667274,NORMAL,819776
0.7915602,0.38521147,0.33220005,NORMAL,819777
1.3044732,-0.65271217,-0.334486,NORMAL,819777
1.2397795,-0.13556117,-0.382205,NORMAL,819778
1.7206032,0.841761,-1.2811604,NORMAL,819778
1.6507472,0.79141915,-1.0992737,NORMAL,819779
0.7167386,-0.43230397,0.12621117,NORMAL,819780
1.3179681,-1.3137071,0.62645817,NORMAL,819780
0.43875015,-0.5858388,-1.4312496,NORMAL,819781
0.7811972,-0.5983273,0.1603508,NORMAL,819781
1.3111435,-0.3153864,-0.7593975,NORMAL,819782
0.759362,-0.58064604,0.29523373,NORMAL,819782
2.2644415,-0.42240477,-2.3007383,NORMAL,819783
-0.827338,-0.021881938,0.24251461,NORMAL,819783
1.0102124,0.22391963,0.62193394,NORMAL,819784
0.5344007,-0.4052999,-0.6261101,NORMAL,819784
-0.25944614,-1.5801306,0.8877754,NORMAL,819785
1.3502922,1.8706985,0.53627205,NORMAL,819786
0.24288702,0.20834112,-0.67063904,NORMAL,819786
-1.1513443,-1.4522425,-0.888546,NORMAL,819787
-1.1838069,0.20522904,0.30257034,NORMAL,819787
-0.2206912,-0.2719831,1.555973,NORMAL,819788
-1.0203767,-0.36696947,-0.41658497,NORMAL,819788
0.28678608,-1.7480952,-0.5283346,NORMAL,819789
-0.96960354,-1.8794546,0.004333496,NORMAL,819789
-0.38086343,-1.02318,-0.23882961,NORMAL,819790
0.91210175,0.44120035,-0.6650295,NORMAL,819790
0.5813303,0.12368542,-0.74756145,NORMAL,819791
0.10106897,0.8062354,-0.48929787,NORMAL,819791
0.26119065,0.69826245,-0.4643879,NORMAL,819792
-0.22142029,-0.061910212,-0.8087311,NORMAL,819793
-1.1530647,-0.8894138,0.52435875,NORMAL,819793
-0.5894809,-1.4055191,0.44631577,NORMAL,819794
-0.10475278,0.37864092,-0.34777927,NORMAL,819794
0.38110566,-0.14686516,0.0016927719,NORMAL,819795
-0.9722661,-0.37428966,0.7827091,NORMAL,819795
-0.78175616,-0.3934726,0.05089283,NORMAL,819796
0.82261133,0.489546,-1.645875,NORMAL,819796
0.18360138,-1.0551627,0.9968796,NORMAL,819797
0.104020834,-0.09311682,0.38396263,NORMAL,819797
-0.046650648,-0.7841314,-0.6771202,NORMAL,819798
-0.64180446,-0.25136983,0.3440895,NORMAL,819798
-1.3948184,0.607401,-0.9152069,NORMAL,819799
-1.8244821,-0.4769417,0.8831539,NORMAL,819800
-0.8270101,1.0666932,-0.1673994,NORMAL,819800
0.42952132,-0.19165957,0.53075504,NORMAL,819801
0.37241745,-1.5964222,1.1620808,NORMAL,819801
1.5898056,-1.1248672,-0.04582405,NORMAL,819802
-0.21134555,-0.39723432,-0.4479437,NORMAL,819802
1.7148709,-0.7448067,-0.9896612,NORMAL,819803
0.39649916,-1.6600833,1.0003691,NORMAL,819803
1.8053033,-1.1719004,-1.3778887,NORMAL,819804
2.388978,-0.64800423,-0.22710323,NORMAL,819804
3.1348403,0.33478406,-1.8424563,NORMAL,819805
2.52851,0.33493444,0.31752014,NORMAL,819805
-0.8429476,-1.3758154,0.13143063,NORMAL,819806
0.43075407,-1.3147693,1.3403645,NORMAL,819807
0.68157566,-1.1573869,1.4642935,NORMAL,819807
0.076340914,-0.38830155,2.9893732,NORMAL,819808
0.20718896,-0.7008421,0.22740841,NORMAL,819808
0.42414403,0.0016209483,-0.18920994,NORMAL,819809
0.5233295,1.0408306,-1.2090263,NORMAL,819809
-0.22501338,-1.0736532,-0.19022846,NORMAL,819810
2.6463747,0.44092137,-2.1308627,NORMAL,819810
0.8095293,-0.06715137,-0.6091986,NORMAL,819811
1.1457686,-0.9693459,0.65653133,NORMAL,819811
0.29773808,-0.8163814,-0.7092552,NORMAL,819812
1.6446347,-0.6451601,0.5685711,NORMAL,819813
0.6349726,1.2439321,-0.9597254,NORMAL,819813
-0.8597559,-0.46073592,1.4829407,NORMAL,819814
1.3582945,1.7565689,-0.7129736,NORMAL,819814
1.0404437,-1.0282052,0.3243227,NORMAL,819815
1.7660139,1.6469723,0.41692638,NORMAL,819815
0.20075011,0.9609926,-0.280447,NORMAL,819816
0.12201166,0.24430943,0.7261009,NORMAL,819816
-0.9763696,-0.60675156,0.84299755,NORMAL,819817
-0.8368863,-0.21244407,1.3810472,NORMAL,819817
-0.46692252,-0.47074473,0.74821377,NORMAL,819818
-0.7859564,-0.61289394,-1.2186136,NORMAL,819818
0.13429165,-0.5627823,1.0795279,NORMAL,819819
-0.69922554,-0.6388415,0.28609943,NORMAL,819820
-1.1814027,-0.47256887,0.13823986,NORMAL,819820
-0.45956278,0.52554536,-0.35646343,NORMAL,819821
0.36972165,-0.13891661,0.79149723,NORMAL,819821
-0.9775765,-0.52119637,0.07660866,NORMAL,819822
-0.07803464,-1.4577281,1.1853352,NORMAL,819822
-0.5349903,-0.53946996,0.6365881,NORMAL,819823
-0.9029094,-0.20586824,1.3978615,NORMAL,819823
-0.15506947,-0.99729204,0.7659292,NORMAL,819824
-0.005746603,-0.3150295,-0.34127426,NORMAL,819824
-1.2310919,-0.798332,0.097088814,NORMAL,819825
1.4948661,0.1694566,-0.8069563,NORMAL,819825
0.5065814,0.14466262,1.5063877,NORMAL,819826
0.6040089,-0.59455633,0.53853416,NORMAL,819827
0.2675607,0.47459036,-0.4548664,NORMAL,819827
0.09209815,-0.17853546,-0.4675932,NORMAL,819828
0.8854009,-1.5045525,0.05002117,NORMAL,819828
0.7407178,-1.1251107,0.55951214,NORMAL,819829
0.031100214,-0.11579335,-0.056735992,NORMAL,819829
0.6987262,0.64054346,-0.46332455,NORMAL,819830
0.86116505,1.0599735,0.37094975,NORMAL,819830
-0.004359007,0.44323105,0.37101364,NORMAL,819831
-0.19761145,-0.72776806,-0.32051086,NORMAL,819831
-0.3270867,0.21055341,0.34086037,NORMAL,819832
-0.15918064,0.641386,0.31236553,NORMAL,819832
-1.3537896,-0.030536056,-0.17301941,NORMAL,819833
1.1146681,1.1114463,-0.08050537,NORMAL,819834
-0.884623,0.2796619,-0.0818243,NORMAL,819834
-0.023364782,0.24033785,1.2384949,NORMAL,819835
-0.15907931,0.07918048,-0.4790964,NORMAL,819835
-0.80498934,-0.7172109,-0.81783676,NORMAL,819836
0.055255055,0.20292711,1.0947285,NORMAL,819836
0.657619,0.2680989,0.45131588,NORMAL,819837
0.23250163,1.2389176,-0.27423382,NORMAL,819837
-0.8804697,0.8142424,1.1360703,NORMAL,819838
-0.21936345,-0.49404788,-0.68682957,NORMAL,819838
0.84204435,-0.059437633,-0.7957163,NORMAL,819839
-0.9814006,-1.0107317,1.9210796,NORMAL,819840
0.5591781,-0.32748806,0.5827942,NORMAL,819840
-0.479743,0.46021342,-0.4370985,NORMAL,819841
-0.47601402,-0.08660054,-0.13326263,NORMAL,819841
0.050664663,-0.8342931,0.5572138,NORMAL,819842
0.8322848,0.2335437,-0.5595131,NORMAL,819842
-0.4172212,0.44706947,-0.21539593,NORMAL,819843
-0.41321278,-0.64965916,-0.1398859,NORMAL,819843
-1.2636676,0.057740092,-1.1898899,NORMAL,819844
0.07899082,-0.17529786,0.18226337,NORMAL,819844
-0.97360563,-1.0643911,-0.25275135,NORMAL,819845
0.6866566,0.3346362,-0.269495,NORMAL,819845
0.6412319,0.79367435,-1.6522145,NORMAL,819846
0.97360635,1.3605335,-2.0887618,NORMAL,819847
-0.15378702,0.39732587,1.1860237,NORMAL,819847
0.005259514,0.2763666,-0.50462246,NORMAL,819848
1.8784201,-0.61754847,4.081997,NORMAL,819848
0.831903,1.127829,-1.1249866,NORMAL,819849
0.28243518,-0.42074144,-0.05395794,NORMAL,819849
1.1652322,0.94166327,0.6376791,NORMAL,819850
0.76117325,0.5209228,0.51502895,NORMAL,819850
0.9156904,0.08751857,-0.6474762,NORMAL,819851
1.1132325,-0.4056809,-0.023365974,NORMAL,819851
-1.0659368,-1.3415139,-0.16043949,NORMAL,819852
0.7745856,0.18165958,1.2746267,NORMAL,819852
-0.68375623,0.23424673,-0.14699173,NORMAL,819853
0.24916983,-0.6478294,0.11575222,NORMAL,819854
0.18599582,0.22540635,-0.6423397,NORMAL,819854
0.4780767,1.2322525,0.5014992,NORMAL,819855
1.2414839,-1.4912348,0.46185112,NORMAL,819855
1.1349735,-0.908694,-0.031770706,NORMAL,819856
0.9895625,-1.201403,0.3167019,NORMAL,819856
0.8374188,-0.8375566,1.1065645,NORMAL,819857
-0.547613,-0.6980262,0.60757065,NORMAL,819857
1.6114457,-0.1157051,0.98192024,NORMAL,819858
0.077069044,-0.36206916,-0.3230753,NORMAL,819858
0.6551471,-0.2057702,1.755786,NORMAL,819859
1.5099549,1.478048,-1.4210339,NORMAL,819859
-1.8653195,-1.2636087,0.7845812,NORMAL,819860
0.22783542,0.23879126,2.040165,NORMAL,819861
-0.29005456,-0.039017968,-0.8934908,NORMAL,819861
-0.1476655,-0.9850778,1.0221748,NORMAL,819862
0.14426255,-1.3568954,0.6571455,NORMAL,819862
0.20416236,-1.1864475,0.031777382,NORMAL,819863
-0.5665777,-0.49451128,0.32802868,NORMAL,819863
-1.2743694,0.45888236,0.81580925,NORMAL,819864
-1.6473256,-1.3393418,1.9145699,NORMAL,819864
0.014783859,-0.92675936,-0.3237667,NORMAL,819865
-0.5362053,-1.7571487,0.44031143,NORMAL,819865
-2.1197395,0.19156244,0.11004734,NORMAL,819866
-2.3426468,-0.14241697,1.6193247,NORMAL,819867
-2.6880443,-1.0698934,0.18397522,NORMAL,819867
-0.8337275,-0.626074,0.62099075,NORMAL,819868
-0.24806905,-0.79588383,1.2918825,NORMAL,819868
0.60436714,-0.7918956,0.09932804,NORMAL,819869
1.8220577,0.8650283,-0.8256302,NORMAL,819869
0.27928936,0.50661457,-0.030914307,NORMAL,819870
-0.81022966,-0.48336497,-0.26496696,NORMAL,819870
-1.6469108,-1.33998,2.1377964,NORMAL,819871
0.3608806,-0.6896181,-0.71174526,NORMAL,819871
-0.39296198,-0.3052824,0.013473511,NORMAL,819872
-0.5186517,-0.26979825,0.7915964,NORMAL,819872
0.75531936,-0.6337351,0.2117672,NORMAL,819873
-0.7714809,-1.458755,1.4574871,NORMAL,819874
-0.14374948,0.73067725,0.41689396,NORMAL,819874
-0.63505054,-2.2405841,0.7293625,NORMAL,819875
-0.59789157,-0.28452128,0.3631239,NORMAL,819875
1.0451918,0.9023073,0.4558792,NORMAL,819876
2.1320033,3.000411,3.7151222,NORMAL,819876
-1.4549029,-0.55180573,0.008603096,NORMAL,819877
-0.77507555,0.32680142,0.20605373,NORMAL,819877
-0.830726,0.15099631,0.4319849,NORMAL,819878
0.904145,0.49050748,0.015512466,NORMAL,819878
-0.052551985,1.2467468,-0.04614353,NORMAL,819879
-0.60243726,1.4536252,0.3399372,NORMAL,819879
-0.5859722,0.87423605,-0.66486454,NORMAL,819880
-0.14561105,1.0814998,-0.19847965,NORMAL,819881
-0.18874729,1.0271378,-1.4316797,NORMAL,819881
-1.4556322,0.71337044,1.7333565,NORMAL,819882
-0.63998353,0.039851457,0.08640766,NORMAL,819882
-0.43565893,-0.21406546,-0.52807045,NORMAL,819883
0.4598453,-0.37753934,1.1389198,NORMAL,819883
0.6126547,0.1894117,0.28688335,NORMAL,819884
-0.37081635,0.2616759,-1.1303024,NORMAL,819884
1.0597292,0.109867215,-1.2226601,NORMAL,819885
0.09368968,-0.97507477,-0.9335413,NORMAL,819885
-0.11231327,-0.73986524,1.0898314,NORMAL,819886
0.50478554,-0.009800136,-0.16570568,NORMAL,819886
-0.731464,-0.23146021,1.3928099,NORMAL,819887
0.73655415,-0.268534,-0.4571495,NORMAL,819888
1.2003891,0.231516,-0.33072376,NORMAL,819888
0.48072982,-0.35855997,-0.90098953,NORMAL,819889
-0.7038144,-0.02124077,0.76389885,NORMAL,819889
0.11704087,0.16705662,-0.1411171,NORMAL,819890
-0.51770043,-0.07667041,0.3172083,NORMAL,819890
1.9250884,0.4253202,-0.51260376,NORMAL,819891
0.299621,-2.8862412,-0.34016895,NORMAL,819891
1.1061952,0.1598869,-0.13456726,NORMAL,819892
0.5252063,0.048505187,-0.69787884,NORMAL,819892
0.2370646,0.011865377,-0.45310783,NORMAL,819893
1.2144837,-0.7805875,0.536746,NORMAL,819894
-0.1995287,-0.9471968,1.2723761,NORMAL,819894
-0.17508292,-1.9190485,-2.5540128,NORMAL,819895
0.27942348,-0.55049634,-0.3939724,NORMAL,819895
0.51607084,0.34580666,-1.8924131,NORMAL,819896
-0.9526013,-0.39782435,0.7542534,NORMAL,819896
0.004090667,0.4298066,0.10942268,NORMAL,819897
0.5418165,0.29265392,0.20589733,NORMAL,819897
-0.43082738,-1.6580932,-0.31420994,NORMAL,819898
-1.2682056,-1.8563602,-0.2121458,NORMAL,819898
-0.32693863,0.5942555,0.2068739,NORMAL,819899
0.0504694,0.91400236,-1.4751024,NORMAL,819899
0.52638793,-0.0808928,-0.060526848,NORMAL,819900
-0.5123708,-0.5247252,-2.0345402,NORMAL,819901
0.96307015,0.057992995,-1.4669495,NORMAL,819901
-0.098941565,0.05009353,1.0093489,NORMAL,819902
0.5685812,1.3136041,-0.51407623,NORMAL,819902
0.64274335,0.48687407,-0.37913895,NORMAL,819903
2.4506283,0.85868734,1.5376062,NORMAL,819903
1.864732,1.2087076,-0.2933483,NORMAL,819904
1.1604924,0.44844452,0.031344414,NORMAL,819904
0.24612164,0.31444082,0.98935986,NORMAL,819905
1.0306222,0.1779165,-0.30174828,NORMAL,819905
-0.49721313,-0.009747386,-1.5250497,NORMAL,819906
-0.28051162,2.1126468,4.109228,NORMAL,819906
0.087593794,0.60861045,1.0476427,NORMAL,819907
-0.11511397,-0.07939499,0.33236217,NORMAL,819908
-0.24464941,0.7398682,-0.19117928,NORMAL,819908
-0.6177852,-0.81022626,0.40319824,NORMAL,819909
0.023349285,-1.151031,0.81518173,NORMAL,819909
-0.1535461,-0.45745444,0.7715378,NORMAL,819910
-0.84177196,-1.178189,1.662983,NORMAL,819910
-2.136158,-0.6412716,1.5205526,NORMAL,819911
-0.70376086,-0.7489685,0.5978584,NORMAL,819911
-0.96116185,-1.1546087,0.22772217,NORMAL,819912
-0.21920037,0.62183213,2.361517,NORMAL,819912
0.35444498,-0.043043405,0.28058052,NORMAL,819913
-0.41929007,0.35601166,-1.7286134,NORMAL,819913
0.08680105,0.10689244,0.1471405,NORMAL,819914
-0.6272359,-0.5380428,0.23348904,NORMAL,819915
0.22340703,-0.79126,-0.05460453,NORMAL,819915
0.078654766,-0.5000528,-1.365902,NORMAL,819916
1.6782203,0.52847034,0.67373276,NORMAL,819916
0.81314254,-0.40081632,-1.1720076,NORMAL,819917
-0.2718513,-1.4466252,-0.22630501,NORMAL,819917
-0.42568564,-0.62521994,0.18900967,NORMAL,819918
0.55472255,0.015334725,-0.89317703,NORMAL,819918
0.6362386,-0.7713356,-0.10877228,NORMAL,819919
0.18484044,-0.11500156,-0.5233021,NORMAL,819919
0.10849357,0.7714462,0.33483315,NORMAL,819920
-0.6960554,0.23185647,0.0032196045,NORMAL,819921
-0.42928886,-0.15094078,1.5288363,NORMAL,819921
-0.30113006,0.6435369,0.3580122,NORMAL,819922
-0.08419824,0.7061483,-0.8917551,NORMAL,819922
-0.29641867,0.070494294,-0.12670994,NORMAL,819923
-0.3007319,-0.0051748753,1.0573196,NORMAL,819923
0.26344442,0.6759006,-0.31730652,NORMAL,819924
0.28000522,-0.06634492,0.1988573,NORMAL,819924
-0.9588635,1.607084,0.07073593,NORMAL,819925
0.21684694,1.8893825,-1.1520653,NORMAL,819925
-0.84135556,0.13152415,0.48454857,NORMAL,819926
-0.8889384,1.7958554,-0.3164196,NORMAL,819926
0.7709403,1.0328068,-0.49947166,NORMAL,819927
-0.5380349,0.9319708,-0.94022655,NORMAL,819928
0.8651717,2.45809,-0.39177227,NORMAL,819928
0.15467763,-0.4956593,1.245964,NORMAL,819929
-0.49023867,0.2970085,0.18148994,NORMAL,819929
-0.18785238,-0.5342858,0.26807117,NORMAL,819930
0.4257629,0.5123445,-0.47864532,NORMAL,819930
0.64990485,-0.21283484,-0.81437016,NORMAL,819931
0.04382384,0.6496674,0.1720066,NORMAL,819931
0.20015001,-0.0041707456,0.16538239,NORMAL,819932
-0.056150436,-0.09343916,-0.2769022,NORMAL,819932
0.0056171417,0.035189092,0.15245819,NORMAL,819933
0.011530876,0.127285,0.06889343,NORMAL,819933
-0.19062912,0.004499197,0.058714867,NORMAL,819934
0.193429,-0.39397347,0.55176735,NORMAL,819935
-0.016959906,-0.14085883,0.086818695,NORMAL,819935
-0.20239627,-0.21201098,0.34865952,NORMAL,819936
0.14096141,0.13848537,0.0044021606,NORMAL,819936
-0.35366762,-0.21990618,0.047150612,NORMAL,819937
0.52121687,0.054045618,-0.084383965,NORMAL,819937
0.3686142,0.07964346,-0.13581085,NORMAL,819938
0.42264843,-0.020391762,-0.56813717,NORMAL,819938
0.4556465,0.5126915,0.11506271,NORMAL,819939
0.63460267,0.41981322,-0.29195023,NORMAL,819939
-0.20777857,0.20566931,0.22144318,NORMAL,819940
-0.43912995,-0.028521419,0.14598083,NORMAL,819940
-0.55879855,0.46815994,0.5906944,NORMAL,819941
0.4972446,1.1376519,0.45851135,NORMAL,819942
-0.4895177,0.57917213,0.6899576,NORMAL,819942
0.5302553,0.8798573,-0.19116116,NORMAL,819943
0.039550066,-0.46601707,0.068888664,NORMAL,819943
-0.75501585,0.32476377,0.2348032,NORMAL,819944
0.49167013,0.7752366,-0.08192444,NORMAL,819944
-0.6964469,-1.2511199,1.0947628,NORMAL,819945
-0.08756518,0.8323134,0.40721607,NORMAL,819945
-0.50434184,0.024457455,1.3064823,NORMAL,819946
0.6612482,0.438274,-0.0005130768,NORMAL,819946
-0.16238105,0.32615772,-1.4771452,NORMAL,819947
-0.44966537,0.039829552,-0.15960312,NORMAL,819948
0.2352438,-0.08288352,-0.043498993,NORMAL,819948
1.6891809,-0.44287544,-0.21087074,NORMAL,819949
0.83986735,-1.0200691,0.13870907,NORMAL,819949
-0.80513686,-0.7455046,-0.23396873,NORMAL,819950
-0.10140872,0.6428037,0.7348728,NORMAL,819950
-0.4061582,-0.94204617,-0.45364094,NORMAL,819951
0.24126208,-0.41062933,0.4067297,NORMAL,819951
0.9868368,0.5686628,-0.3767023,NORMAL,819952
-0.7570911,0.03356296,0.24222374,NORMAL,819952
0.8107568,-0.27613097,-0.89245796,NORMAL,819953
0.4132259,0.43629205,0.3451252,NORMAL,819953
0.4815172,-0.7412985,-0.31758022,NORMAL,819954
-0.6281264,-0.8660268,0.21956444,NORMAL,819955
0.2777264,-0.3453415,0.20315933,NORMAL,819955
1.1170046,-0.5657931,-0.05392933,NORMAL,819956
0.49549818,-0.3224486,-0.28625393,NORMAL,819956
0.22384286,0.1707704,0.6408739,NORMAL,819957
-0.06986427,0.14856672,-0.2564926,NORMAL,819957
0.93786,-0.6707002,0.3923502,NORMAL,819958
0.19749808,0.4313391,0.32024097,NORMAL,819958
-0.40642786,-0.3251927,0.04360199,NORMAL,819959
-0.5953653,-1.0394042,0.2466383,NORMAL,819959
-0.76378727,-1.3987849,-0.04689789,NORMAL,819960
-0.2849803,-0.25019825,0.33052444,NORMAL,819960
-0.10720515,-0.38897228,0.2511444,NORMAL,819961
-0.13194609,0.29910493,-0.66663265,NORMAL,819962
0.6825018,0.40612948,0.08546734,NORMAL,819962
-0.2795186,-0.011579275,-0.036842346,NORMAL,819963
-0.700552,-0.15935495,-0.0628891,NORMAL,819963
-0.7550378,-0.30802718,0.14985657,NORMAL,819964
0.0012286305,-0.107741356,0.7258854,NORMAL,819964
-0.13127398,-0.0035173297,0.3691082,NORMAL,819965
0.41816616,-1.4599191,1.9629345,NORMAL,819965
-0.6055759,-1.5216153,-2.2488742,NORMAL,819966
-0.17916203,-0.4232375,0.06273937,NORMAL,819966
-0.11063114,-0.09544635,0.97748566,NORMAL,819967
0.44429696,0.12424898,0.9307747,NORMAL,819967
0.04572594,-0.77852786,0.2650261,NORMAL,819968
0.3953501,-0.2631184,0.11123085,NORMAL,819969
-0.061579704,1.2939559,-0.037934303,NORMAL,819969
0.24772596,0.08483034,-0.2565403,NORMAL,819970
0.16811293,-0.05053693,-0.091560364,NORMAL,819970
-0.08580184,-0.29201615,0.44624996,NORMAL,819971
-0.12461147,0.044204354,-0.47165108,NORMAL,819971
1.9127357,0.24289954,-1.5842314,NORMAL,819972
-0.0755872,-0.8427142,-1.2575359,NORMAL,819972
0.53296757,-0.91458094,0.6440525,NORMAL,819973
0.41649154,-0.0049688765,-0.27010155,NORMAL,819973
0.4587716,0.034749735,0.03266239,NORMAL,819974
0.32003564,-0.44921684,0.028982162,NORMAL,819975
1.344247,-1.1027597,-1.9369974,NORMAL,819975
1.416944,-1.247972,-0.62341785,NORMAL,819976
0.3248514,-2.679708,1.0417218,NORMAL,819976
1.0734231,-2.0182786,0.9786258,NORMAL,819977
-0.82857,-2.4774916,4.7603045,NORMAL,819977
1.0376005,-0.93324137,0.079969406,NORMAL,819978
0.017653942,-0.7987776,1.2067022,SLOW,820022
0.15828574,-0.12910217,0.11666584,SLOW,820022
0.11209762,-0.07746114,0.30113888,SLOW,820023
-0.014166832,0.048858434,0.08899784,SLOW,820023
0.14657044,-0.77271765,-0.1409874,SLOW,820024
0.16631317,-0.40473095,-0.0866375,SLOW,820024
0.049628496,0.030817479,0.050338745,SLOW,820025
-0.0060374737,0.07551847,-0.06648922,SLOW,820025
-0.16793871,0.1496836,0.001156807,SLOW,820026
0.07425785,0.08008158,0.05009842,SLOW,820027
0.14228559,0.36012417,-0.16106987,SLOW,820027
-0.16965437,0.40555847,-0.08237839,SLOW,820028
-0.23506236,0.20627618,0.07925606,SLOW,820028
0.5859189,0.43197542,0.46232033,SLOW,820029
1.3550439,0.18871227,0.07167244,SLOW,820029
0.64430857,-0.6825812,-0.45607662,SLOW,820030
1.7055433,-0.26320234,-0.1307993,SLOW,820030
0.3523376,0.29500258,-0.09979534,SLOW,820031
0.4839561,0.46708095,-0.573267,SLOW,820031
0.14041138,-0.85021496,0.70660305,SLOW,820032
0.115556,0.37463102,0.3349161,SLOW,820032
-0.15936017,0.9277337,0.3728466,SLOW,820033
-0.061839104,-0.15057515,0.0439682,SLOW,820034
-0.70381975,-0.43867606,0.7739363,SLOW,820034
0.42072892,0.4715375,-0.6664305,SLOW,820035
0.19152236,-0.04754877,0.61407566,SLOW,820035
0.53851295,-0.3044358,0.10277748,SLOW,820036
0.19230938,0.09930033,-0.3857565,SLOW,820036
-0.21911824,0.45545143,0.020442009,SLOW,820037
0.027254105,0.17819801,0.5378895,SLOW,820037
0.30377197,0.5619805,-0.22582245,SLOW,820038
-0.62685466,-0.52696633,-0.057662964,SLOW,820038
-0.004182577,-0.34279665,0.41761017,SLOW,820039
-0.12240052,0.48171034,0.2857666,SLOW,820039
-0.71481264,0.19950974,-0.33078957,SLOW,820040
-0.15322351,0.50622183,-1.4111052,SLOW,820041
-0.17850113,0.1488623,-0.8773632,SLOW,820041
-0.10487151,-0.0033171773,0.8186741,SLOW,820042
0.6999185,1.7562777,0.6079931,SLOW,820042
0.21437216,1.6593395,0.4308529,SLOW,820043
-0.38095367,-0.743699,-0.3013916,SLOW,820043
0.4432261,1.0092521,-0.28441048,SLOW,820044
0.562966,0.66122997,0.83582497,SLOW,820044
0.12700403,0.1782352,0.45044518,SLOW,820045
0.0028373003,0.41935104,-0.30433083,SLOW,820045
-0.24033892,0.4389931,0.31750584,SLOW,820046
1.2483187,1.0717943,0.4551344,SLOW,820047
1.2869248,0.10432787,-0.49384594,SLOW,820047
1.5639038,0.79226816,1.5596151,SLOW,820048
1.1296859,-0.15896563,-1.8896704,SLOW,820048
1.5527933,0.9525164,0.22208309,SLOW,820049
0.113435745,0.6109236,-1.0870304,SLOW,820049
-0.19640446,0.55015665,0.03878498,SLOW,820050
-0.49762297,0.15951478,-0.49050617,SLOW,820050
0.051982164,0.86406195,-0.5276003,SLOW,820051
-0.76054204,-1.2156209,0.24518871,SLOW,820051
0.17371488,0.62105864,-1.0853109,SLOW,820052
-0.1094439,-0.48418784,-0.25838566,SLOW,820052
-0.5134691,0.56513464,0.62295914,SLOW,820053
0.18421972,0.48662004,-0.33947182,SLOW,820054
0.0007019043,-0.7265711,0.10368729,SLOW,820054
-0.3982942,-0.21437362,0.40188885,SLOW,820055
-0.20954633,-0.67240214,0.46726513,SLOW,820055
-0.25428987,-0.6336711,-0.33958817,SLOW,820056
0.3802774,0.91648054,-0.22081375,SLOW,820056
1.1660374,1.5344734,0.2846508,SLOW,820057
1.2778058,-0.48213753,0.78709507,SLOW,820057
0.17393017,0.5361968,-0.5035887,SLOW,820058
-0.82166654,-1.3909954,0.64906216,SLOW,820058
0.3872826,-0.35669953,0.54667187,SLOW,820059
-0.47543085,-0.97536176,0.11774635,SLOW,820059
0.53239703,0.1767329,-0.46115875,SLOW,820060
0.7867876,-0.115864396,-0.42106533,SLOW,820061
0.47721577,0.36076725,0.25933075,SLOW,820061
0.72599816,-0.33766866,0.642086,SLOW,820062
-0.10023379,-0.30518794,0.5779209,SLOW,820062
0.3420905,-0.05575466,-0.2902956,SLOW,820063
-0.40853977,-0.39399028,0.443923,SLOW,820063
0.17621553,0.657794,0.038861275,SLOW,820064
-0.292197,-0.10502851,0.11241913,SLOW,820064
-0.058208585,0.2877192,0.13508606,SLOW,820065
0.17505538,-0.04473257,0.16992378,SLOW,820065
-0.16298556,0.16082422,0.20404911,SLOW,820066
-0.25530148,-0.22530016,0.39070225,SLOW,820066
-0.17013884,0.104310796,-0.36226845,SLOW,820067
-0.07095599,0.4111052,-0.12043476,SLOW,820068
-0.11943638,0.21601173,-0.30834293,SLOW,820068
-0.18423343,-0.23552,-0.14427853,SLOW,820069
-0.883635,0.2619141,-0.10602379,SLOW,820069
-0.66446805,-0.060516775,0.51695347,SLOW,820070
-0.5739709,-0.57123804,-0.6832228,SLOW,820070
-0.3010174,-0.2029729,0.8208046,SLOW,820071
1.0124516,0.83554626,-1.578187,SLOW,820071
2.0861988,-0.14800438,0.8399153,SLOW,820072
-1.099796,1.1648011,1.8193016,SLOW,820072
0.9254571,1.2501137,0.054236412,SLOW,820073
1.0150793,1.6900975,0.46172523,SLOW,820074
0.862154,1.3408148,-0.35051537,SLOW,820074
1.6163149,-0.93336976,-0.8180752,SLOW,820075
0.7370026,0.93731713,0.8958416,SLOW,820075
0.4362917,-0.4666758,1.998292,SLOW,820076
-1.0566969,-0.84110755,0.87850666,SLOW,820076
0.22698641,-0.5007319,-0.12891006,SLOW,820077
0.50351405,-0.61898065,0.7149153,SLOW,820077
1.2364848,0.27756992,-1.1241846,SLOW,820078
-0.65529656,-1.717858,-0.32898617,SLOW,820078
-1.587786,-0.4194123,-0.39874363,SLOW,820079
-0.41990936,1.4312378,0.7502794,SLOW,820079
-0.8454995,1.5623677,0.0829258,SLOW,820080
-0.14301538,0.052153587,1.5508432,SLOW,820081
-0.9189378,1.0892975,0.46159554,SLOW,820081
-0.12042713,-1.138773,0.3144846,SLOW,820082
-0.6893232,0.2311011,-0.8325157,SLOW,820082
-0.7953539,-0.1320601,0.88792896,SLOW,820083
0.5871165,-0.1436269,-0.15495396,SLOW,820083
0.87095356,-0.029265985,1.1113539,SLOW,820084
0.19760656,0.04306823,-0.8705406,SLOW,820084
-0.330374,-1.3896383,1.7846603,SLOW,820085
0.57110906,0.74927986,-0.077679634,SLOW,820085
-0.50913036,-0.2452735,1.0606127,SLOW,820086
-0.92504597,0.47508782,-0.4447012,SLOW,820086
-0.3181169,-0.5700832,-0.13907528,SLOW,820087
0.5217948,-0.038768128,-0.85268116,SLOW,820088
-0.9410162,-0.5613227,0.029817581,SLOW,820088
-0.107568026,0.18243346,-0.21881485,SLOW,820089
1.1183195,0.5342161,-2.0034504,SLOW,820089
0.11674523,0.335686,-0.11326599,SLOW,820090
-0.17368555,-0.95061904,0.57633686,SLOW,820090
0.29106045,-0.07774362,-2.3864107,SLOW,820091
0.010403156,-1.2317984,0.17459679,SLOW,820091
-0.25468528,0.3912805,-1.0087795,SLOW,820092
-0.29149842,0.7743499,0.09031105,SLOW,820092
-0.30429804,-0.3503717,-0.7934122,SLOW,820093
-0.50035465,-0.91356575,-0.1068058,SLOW,820093
0.17669761,-1.400784,-0.16322613,SLOW,820094
0.21753371,-0.50912434,-0.31972027,SLOW,820095
1.3880994,-1.1550628,1.5072384,SLOW,820095
1.1537538,-0.39707997,0.82995987,SLOW,820096
0.44196594,-0.10144086,2.6024866,SLOW,820096
-0.7448316,0.19232398,1.020935,SLOW,820097
-0.18683088,-0.33606923,-1.1971903,SLOW,820097
2.2412896,-0.31026074,-2.0175,SLOW,820098
1.0620388,-1.3976626,-0.39605236,SLOW,820098
0.40866125,-1.7092754,-0.39151096,SLOW,820099
1.2026012,-0.570622,-1.269001,SLOW,820099
2.6518924,-1.1219045,-0.32887173,SLOW,820100
0.37679696,0.9573826,-0.1406517,SLOW,820101
0.63009715,0.35662097,-0.3369789,SLOW,820101
-0.32600677,1.4616079,1.1854029,SLOW,820102
0.11237717,1.0923064,-1.222642,SLOW,820102
-0.8092431,-0.6257988,1.476655,SLOW,820103
-0.17154813,1.3963978,0.44378376,SLOW,820103
-0.9562688,-0.116839275,0.3798542,SLOW,820104
0.24787712,-0.72504085,-0.4445591,SLOW,820104
-0.25640452,-1.1968888,-0.085448265,SLOW,820105
-0.19452,-1.4263046,0.114767075,SLOW,820105
1.7954066,-1.8533713,1.060463,SLOW,820106
0.44697404,0.06544337,0.8741293,SLOW,820106
2.1374288,0.38814652,-0.030751228,SLOW,820107
1.423002,1.2349817,0.6056261,SLOW,820108
1.2480474,1.432223,0.4865837,SLOW,820108
-1.8262528,-1.9713373,-0.06558609,SLOW,820109
-1.9622083,-1.4408834,0.40724182,SLOW,820109
2.3212712,2.3099148,-0.51518345,SLOW,820110
0.8560004,1.4233736,-0.0036964417,SLOW,820110
-1.0559672,-0.7263929,0.8268795,SLOW,820111
0.31988215,-1.0512209,-0.61830807,SLOW,820111
-0.16278315,-1.0706542,-1.2211037,SLOW,820112
-0.092442274,0.6933366,0.061445236,SLOW,820112
1.2355738,1.9227583,0.7765856,SLOW,820113
-0.10364056,0.02569529,-0.83187103,SLOW,820113
0.49340796,0.80457497,0.19548321,SLOW,820114
0.89930844,-0.71428233,0.42818356,SLOW,820115
0.25193238,1.1237453,0.7831783,SLOW,820115
-0.28126502,0.22703087,0.20335007,SLOW,820116
0.35000563,-0.07833359,-0.16588783,SLOW,820116
0.9224086,1.1613901,-0.011386871,SLOW,820117
-0.62325954,1.0789804,-0.9542227,SLOW,820117
-0.21719837,0.4067191,-0.16383648,SLOW,820118
-0.93068457,-1.0744408,0.4213314,SLOW,820118
-1.0618529,-0.6669371,-1.3711452,SLOW,820119
1.2706509,0.08188629,-0.87253666,SLOW,820119
0.41069984,0.5875617,-0.10651302,SLOW,820120
0.1256218,-0.6713587,0.71929264,SLOW,820120
-0.20474076,0.19492717,-0.22555923,SLOW,820121
0.5898709,0.11527158,-1.3307095,SLOW,820122
-0.007225752,-0.22742295,0.51440334,SLOW,820122
0.29027224,-0.09386581,0.2141285,SLOW,820123
2.7262762,0.030481666,2.0356302,SLOW,820123
0.23100877,-0.30805522,-0.07719517,SLOW,820124
0.41849685,0.6038625,0.43834877,SLOW,820124
-0.8651941,-1.6534585,1.3917389,SLOW,820125
0.6494703,0.30059445,-0.29920864,SLOW,820125
-1.1767902,-0.05326122,0.10290623,SLOW,820126
-0.7797557,-0.33962286,0.48208523,SLOW,820126
0.19399738,0.43671823,0.028409004,SLOW,820127
-0.64353323,-0.6593038,-0.3025427,SLOW,820128
-0.7428881,1.0909653,-0.90480137,SLOW,820128
-0.23936486,-0.4397359,1.6225977,SLOW,820129
0.019863605,-0.8074593,0.47384167,SLOW,820129
0.645782,-0.007320881,0.110785484,SLOW,820130
0.7341981,0.14751619,0.048583984,SLOW,820130
0.36236334,0.42818913,-0.4547224,SLOW,820131
-0.25603962,0.33364573,1.0486584,SLOW,820131
-0.7255533,0.117311895,0.84045124,SLOW,820132
0.34817028,-0.42485708,3.2948074,SLOW,820132
-0.4718988,0.20183578,0.037762642,SLOW,820133
-0.35404658,-1.6249917,2.0470276,SLOW,820133
-0.5471406,-1.7192822,0.46110058,SLOW,820134
-0.5295055,0.57943904,-0.47537422,SLOW,820135
-0.41606975,1.2081785,1.2654114,SLOW,820135
-0.5684471,0.68652374,0.51003075,SLOW,820136
-0.6907501,-0.7935185,0.646678,SLOW,820136
-0.5440402,0.4015793,-0.64300346,SLOW,820137
-1.2251796,0.23546344,0.94390106,SLOW,820137
-0.33203983,-0.5479366,0.2663164,SLOW,820138
-0.559114,-0.6479606,0.29522228,SLOW,820138
0.52694273,0.5962682,0.20327854,SLOW,820139
0.938782,0.3373572,-0.89846134,SLOW,820139
1.5543103,0.52551484,-1.181881,SLOW,820140
1.9832885,0.39855573,-0.58562946,SLOW,820140
0.20421934,-1.4547302,-1.0983181,SLOW,820141
0.11580253,-1.0019597,0.89883137,SLOW,820142
1.676594,0.28232086,-1.5144024,SLOW,820142
-0.2413969,-0.4836378,0.027357101,SLOW,820143
-0.8092897,-1.3720393,2.5310678,SLOW,820143
-0.70102966,0.086470485,-2.2220197,SLOW,820144
0.014557362,0.56523365,0.0512352,SLOW,820144
-0.61443186,0.09213269,-0.41369343,SLOW,820145
0.16994786,0.03675145,-1.3211613,SLOW,820145
-0.57932997,1.7896717,2.2803688,SLOW,820146
-1.2904048,2.201264,-2.6328564,SLOW,820146
-0.7325758,-0.09082502,-0.10189819,SLOW,820147
-0.6033484,0.13999748,0.7862234,SLOW,820147
0.17365026,-0.6364677,-0.14437008,SLOW,820148
0.39587426,-0.0696072,-0.1996479,SLOW,820149
-0.7245785,-0.0033322275,0.6329613,SLOW,820149
-1.408233,-0.77357423,-0.45716476,SLOW,820150
-0.30936885,0.78700995,1.194932,SLOW,820150
2.3832052,0.38911158,0.93846893,SLOW,820151
0.38607454,1.3794851,-1.67523,SLOW,820151
-0.5020493,-0.8858918,0.78394985,SLOW,820152
0.76907444,0.450997,0.54212093,SLOW,820152
0.54576564,-0.28705364,-1.1524878,SLOW,820153
-0.47692168,-0.28390607,-0.74427414,SLOW,820153
-0.7950635,1.4047856,-0.22123528,SLOW,820154
0.37437797,-1.0432372,2.1580439,SLOW,820155
-0.63829273,-0.12908714,0.078142166,SLOW,820155
0.11885524,-0.7051196,1.2107697,SLOW,820156
-0.7362035,0.03974384,1.1384125,SLOW,820156
-0.022393584,-0.55287766,0.98626804,SLOW,820157
-0.21521294,-0.710438,-0.40822697,SLOW,820157
0.034167767,0.44686186,1.4008312,SLOW,820158
-2.2536817,0.2824512,1.3171225,SLOW,820158
-0.4050541,-0.35391954,-1.2423096,SLOW,820159
-0.5474365,0.069028854,0.16601276,SLOW,820159
-0.35191798,0.1382066,-1.29461,SLOW,820160
-0.9326979,-1.2685201,-0.06832123,SLOW,820160
-0.4479996,-1.1229631,0.07573795,SLOW,820161
-0.2497276,-0.10558653,-1.2542276,SLOW,820162
0.5451832,0.63229513,-1.2397833,SLOW,820162
0.97895503,0.12965441,0.5676031,SLOW,820163
-0.1631155,0.7648785,-0.07652092,SLOW,820163
1.0917172,0.9911862,-0.056362152,SLOW,820164
-0.41174722,-0.8909418,0.8016615,SLOW,820164
-0.11330271,-0.3675087,-0.2635622,SLOW,820165
0.63659286,1.0157368,-0.24097824,SLOW,820165
0.88297963,-0.059732005,-1.1800137,SLOW,820166
-0.96985877,-0.65862125,1.3301468,SLOW,820166
-0.10634112,-0.009238511,0.28450108,SLOW,820167
0.2775935,-0.8207077,-1.6120524,SLOW,820167
0.035859585,0.4753675,1.2820492,SLOW,820168
0.25196242,-0.49622744,1.0163412,SLOW,820169
-0.12542987,-0.8385161,-0.80442524,SLOW,820169
0.121198416,0.1250285,0.44968224,SLOW,820170
0.39655256,-0.31460327,1.2149706,SLOW,820170
0.18769264,0.20440418,0.0038909912,SLOW,820171
1.1110034,0.068007365,0.10475159,SLOW,820171
1.0772667,0.08996384,-0.7207947,SLOW,820172
-0.70614195,0.5214016,0.7219057,SLOW,820172
-0.3866067,0.6308368,0.70230675,SLOW,820173
-0.17577887,-0.018944636,0.28749084,SLOW,820173
-0.20690823,1.5128237,0.97705555,SLOW,820174
-0.79059875,-1.097256,1.1183281,SLOW,820174
-0.12787294,-1.0338054,0.7858467,SLOW,820175
0.14914894,-0.6886593,-0.6632061,SLOW,820176
0.6238899,-0.24123402,-1.1489563,SLOW,820176
0.2761476,0.34574202,1.6412106,SLOW,820177
-1.0905592,-0.3514147,-0.6760416,SLOW,820177
-0.05744362,-0.8921201,0.39982986,SLOW,820178
-0.44243073,0.39125738,1.2985821,SLOW,820178
-1.4852417,0.6079942,0.727499,SLOW,820179
1.0530214,0.17144755,3.0846043,SLOW,820179
0.18081343,-0.14674848,0.38987064,SLOW,820180
1.2769033,1.0048192,-0.6284933,SLOW,820180
0.24594927,-1.6599534,-1.0632582,SLOW,820181
0.93918085,-0.5673124,-2.4414558,SLOW,820182
0.7042738,-1.1274594,-0.38796234,SLOW,820182
-0.37264,-1.5539005,2.3925858,SLOW,820183
1.6321764,1.561676,1.3779058,SLOW,820183
0.87904334,-0.9987416,-2.2197032,SLOW,820184
-0.6991248,-1.7762189,0.7733183,SLOW,820184
1.082613,0.44102892,-1.6890182,SLOW,820185
-0.68288076,-1.2625988,-0.45692158,SLOW,820185
-0.057112694,-1.0957363,0.4233694,SLOW,820186
-0.36210477,0.7732166,2.170515,SLOW,820186
0.669502,0.83451515,-0.8216982,SLOW,820187
-1.4328771,0.6009126,1.6134224,SLOW,820187
0.120620966,0.44279224,2.0037746,SLOW,820188
1.2730335,0.92717755,1.3555527,SLOW,820189
-0.029863834,1.4494634,-1.6225171,SLOW,820189
0.6158247,0.14886054,-0.72173214,SLOW,820190
0.2876408,-0.41773823,-0.10028839,SLOW,820190
1.386997,0.6242459,0.40501118,SLOW,820191
0.08187699,0.24859384,1.4123955,SLOW,820191
1.2545002,-0.2285184,1.1525583,SLOW,820192
1.8526158,0.4592185,-2.669137,SLOW,820192
0.2166481,-1.2724317,1.8860025,SLOW,820193
0.65260816,1.559553,0.70588017,SLOW,820193
-0.036147594,-1.153853,-0.38620663,SLOW,820194
0.8206229,1.380505,-0.14949799,SLOW,820194
0.4688139,0.76339453,0.21173668,SLOW,820195
0.4798634,0.9115356,-0.100667,SLOW,820196
0.0064792633,-0.68483955,-1.5706291,SLOW,820196
-0.24466681,-0.4518525,-1.4189129,SLOW,820197
0.36664152,-0.45493683,1.3501196,SLOW,820197
0.45848536,0.14485401,-1.0616941,SLOW,820198
-0.3897339,-0.11242288,-1.434783,SLOW,820198
-0.8485117,-0.8555356,1.3440619,SLOW,820199
-0.8119879,-0.32164925,2.8195963,SLOW,820199
0.20562387,0.2860912,1.8948689,SLOW,820200
-0.44287837,-0.8639555,1.2543383,SLOW,820200
-0.7661382,-1.1858186,-0.45008564,SLOW,820201
0.4743085,0.34584707,1.6219482,SLOW,820201
0.40178585,-0.4709014,0.17636776,SLOW,820202
-0.02713108,0.5787657,0.4171381,SLOW,820203
0.25448728,1.3674128,-0.60157776,SLOW,820203
-0.41530156,-0.70271826,-1.8635778,SLOW,820204
-0.08995056,0.28213614,0.35246468,SLOW,820204
0.5902276,0.3495447,0.6621351,SLOW,820205
0.25344634,0.014514208,-0.2805786,SLOW,820205
-0.085888624,-0.22922325,-0.8617134,SLOW,820206
-0.07960582,-1.6153605,0.6492176,SLOW,820206
-1.0653805,0.10605073,-1.296793,SLOW,820207
-0.4188913,-0.8658902,-0.2335453,SLOW,820207
0.78699255,0.4793322,0.714798,SLOW,820208
-0.41508627,-0.13458338,-1.3431721,SLOW,820209
-3.148634,1.1045313,1.703558,SLOW,820209
-0.46219754,0.77784276,1.4070444,SLOW,820210
-0.87310725,-1.0496929,1.2287292,SLOW,820210
-2.0920405,-0.42350256,0.008378983,SLOW,820211
-0.6138091,0.87335837,1.4814901,SLOW,820211
-0.58102226,-0.68702346,1.3265572,SLOW,820212
0.033029556,1.7862042,0.6293545,SLOW,820212
-0.24081826,0.5607997,-0.865962,SLOW,820213
0.16666532,-0.73313785,0.99808407,SLOW,820213
0.6644962,0.59379894,-0.36212158,SLOW,820214
2.01897,0.4725952,2.1887817,SLOW,820214
0.73725843,-0.6153301,1.2294054,SLOW,820215
1.2437142,-0.47167584,1.3520689,SLOW,820216
0.52014387,-2.3276803,-3.663766,SLOW,820216
-0.27610397,0.44663173,-1.2915163,SLOW,820217
-0.31841838,-0.9705959,3.020338,SLOW,820217
-0.42270243,-1.1836938,0.7317896,SLOW,820218
0.45451486,0.69560754,-1.0397186,SLOW,820218
0.72720885,-0.13688606,-0.06772804,SLOW,820219
0.38001132,1.1011957,-0.386652,SLOW,820219
-0.7421547,-0.31434774,2.2195387,SLOW,820220
-0.5954286,-0.31938744,1.2804289,SLOW,820220
0.45036912,0.9460512,-0.4000311,SLOW,820221
0.35528147,-0.7119067,-0.71024704,SLOW,820221
-1.6761099,0.44519907,-1.1847448,SLOW,820222
1.9223182,0.82150507,-0.005502701,SLOW,820223
-0.00661695,-0.03517133,-0.38094425,SLOW,820223
-0.22916555,0.17018166,0.8377943,SLOW,820224
0.91871727,0.42677853,1.3522196,SLOW,820224
-0.35298783,-1.5194608,-0.6159725,SLOW,820225
0.38904548,0.5446627,-2.460235,SLOW,820225
-0.85353655,0.79127705,0.16203022,SLOW,820226
-0.28291738,-0.6568854,1.817524,SLOW,820226
0.8161478,-0.29829097,1.3561506,SLOW,820227
0.49006808,-0.20453167,-0.9910307,SLOW,820227
1.5052818,-0.6110288,-0.20638561,SLOW,820228
0.620386,-0.10173547,-2.8129654,SLOW,820228
0.9877181,-0.63710517,0.027251244,SLOW,820229
-0.00022017956,0.10095507,-1.7953424,SLOW,820230
0.36578715,0.5555829,0.56810474,SLOW,820230
-0.14580679,-0.2599401,-1.305934,SLOW,820231
0.5089848,0.14418,-1.1377754,SLOW,820231
0.59517074,0.36660868,-0.86481285,SLOW,820232
-0.07718301,-3.0324802,-0.23552322,SLOW,820232
-0.089185715,1.5546942,-1.9941897,SLOW,820233
-0.3900553,-0.64411217,1.0882454,SLOW,820233
-0.95488226,1.2431055,0.28437233,SLOW,820234
-0.17662716,1.4065921,0.06700802,SLOW,820234
0.6874827,-0.5229671,-2.0207057,SLOW,820235
-0.79820526,0.2874825,-0.24257469,SLOW,820235
0.25934803,-0.81781006,-1.1073322,SLOW,820236
0.27715194,-0.20359066,-2.437841,SLOW,820237
0.6052704,0.37650517,1.3459673,SLOW,820237
-0.6406828,-0.1772348,-1.1457701,SLOW,820238
-0.29372823,-0.5013943,-2.119565,SLOW,820238
-0.85386753,-0.8143393,0.34527874,SLOW,820239
-0.8040533,0.24178465,0.7196388,SLOW,820239
-0.29021657,-0.1261494,0.1802206,SLOW,820240
-0.374578,0.85939026,-2.1781716,SLOW,820240
-0.8452424,-0.3972571,1.5566597,SLOW,820241
-1.685157,-0.4033508,0.3578472,SLOW,820241
-1.2633915,1.5176446,-1.432641,SLOW,820242
-1.0081934,1.4731398,-1.00599,SLOW,820243
-0.7442793,-0.91735727,0.18325806,SLOW,820243
-1.806035,0.25010952,0.6172695,SLOW,820244
-0.30517817,-0.11809367,-1.3159714,SLOW,820244
1.6430726,-0.6414846,0.6117029,SLOW,820245
-0.13185275,0.20033383,1.924366,SLOW,820245
1.2231637,3.536974,3.1141968,SLOW,820246
0.11967695,-1.1768081,-1.7003651,SLOW,820246
0.5117338,0.21971053,1.4463158,SLOW,820247
0.7041602,-0.70066816,-1.3909388,SLOW,820247
0.9852295,0.3255579,0.27871037,SLOW,820248
-0.30604863,-0.5628161,0.90073204,SLOW,820248
0.05325663,0.3399278,1.2957382,SLOW,820249
-0.7375477,-0.42149568,0.9513111,SLOW,820250
-2.8441782,0.2724353,-1.2695103,SLOW,820250
0.12564278,0.40737015,0.5467596,SLOW,820251
0.469743,1.0092638,0.092469215,SLOW,820251
-0.018035293,0.093575716,-2.3473482,SLOW,820252
0.5346879,0.1245147,0.7901821,SLOW,820252
-0.14066195,-0.6761941,-0.29584503,SLOW,820253
1.0741574,-0.16921145,-1.099535,SLOW,820253
1.3262941,-0.548416,0.029424667,SLOW,820254
0.6152239,-0.66600674,2.0705595,SLOW,820254
1.5265851,-0.8343866,0.65984726,SLOW,820255
1.7626927,-0.55134296,0.88183594,SLOW,820255
1.2924386,-0.17223719,0.0075826645,SLOW,820256
1.7326437,0.456612,-0.18279743,SLOW,820257
0.06363249,-0.5709297,0.41713428,SLOW,820257
1.3192801,-0.77261126,-0.11065006,SLOW,820258
0.005507827,0.34363818,1.6894426,SLOW,820258
0.7499355,-0.95118403,-0.1560688,SLOW,820259
1.0739161,0.9244347,-1.4888477,SLOW,820259
1.4952092,-1.0075955,-0.6119213,SLOW,820260
1.1598909,-0.27978873,-1.601654,SLOW,820260
2.2647166,0.5773394,-0.6245575,SLOW,820261
2.8329582,-0.104126945,0.47056293,SLOW,820261
2.3354917,-0.793747,0.39779472,SLOW,820262
1.2890105,0.6352307,-1.7492986,SLOW,820262
1.3750556,-0.243386,-0.75773525,SLOW,820263
1.5322788,0.32717305,-1.1790056,SLOW,820264
0.9526372,0.2922296,-0.09326935,SLOW,820264
0.2907381,-0.23633422,-0.35150623,SLOW,820265
1.1737492,-0.4087208,0.2533102,SLOW,820265
-0.12877202,0.41349262,-0.45371342,SLOW,820266
-1.0533496,-0.9635838,0.2505312,SLOW,820266
0.06643915,0.1024787,0.29018593,SLOW,820267
0.6853876,0.3869141,0.02509594,SLOW,820267
-0.45364296,0.041755617,0.8454628,SLOW,820268
0.5087955,0.3255413,-0.41130447,SLOW,820268
0.1675837,-1.6099347,-0.29674244,SLOW,820269
0.24878335,0.6247032,-1.0585718,SLOW,820270
-0.061100245,0.9632939,0.6561651,SLOW,820270
-0.20108533,-0.32988864,-0.16609097,SLOW,820271
-0.35437465,-0.41888025,-0.48766422,SLOW,820271
-0.32528675,0.18928105,-1.1459303,SLOW,820272
-0.4393046,-0.014091283,-0.16144276,SLOW,820272
-0.06470537,0.024317801,0.7004423,SLOW,820273
-0.6257106,0.06349954,0.12421036,SLOW,820273
-0.6704409,-1.2779704,-0.37276363,SLOW,820274
-0.6798495,-0.54599047,0.09620857,SLOW,820274
0.15368557,-0.48178583,0.31501865,SLOW,820275
-0.22206569,0.09972951,-0.7238884,SLOW,820275
-0.26469254,0.30923533,0.09664917,SLOW,820276
-0.029160023,-0.15681204,0.6336069,SLOW,820277
-0.25132418,-0.45339966,1.1734476,SLOW,820277
0.39874697,0.124884546,-1.5193381,SLOW,820278
0.31927323,-0.50328547,0.5120659,SLOW,820278
0.39213085,1.1642432,-0.2596531,SLOW,820279
-0.86448514,0.19345403,0.9676733,SLOW,820279
-1.0244939,-0.74215674,0.71532536,SLOW,820280
-0.26085532,-0.5113683,-0.1301899,SLOW,820280
0.57443714,0.59588546,0.91550064,SLOW,820281
-1.3074682,-0.5010514,-1.4794149,SLOW,820281
0.4513136,0.40087426,0.58819103,SLOW,820282
-0.3761593,-0.4984729,0.8122473,SLOW,820282
0.43883574,-0.48428032,-0.061223984,SLOW,820283
-0.2625897,-1.498012,-0.22401333,SLOW,820284
0.5195832,0.85333097,0.37384796,SLOW,820284
-0.105546474,-0.6455184,-1.8190475,SLOW,820285
0.60441387,-0.064022064,-0.5409193,SLOW,820285
-0.37419558,-0.39775485,0.13441372,SLOW,820286
-0.13169658,0.4955433,0.66590023,SLOW,820286
-0.13730145,0.054282486,2.6885004,SLOW,820287
-0.4705751,0.32329816,0.3673544,SLOW,820287
-0.7018819,-0.36728325,-1.4942484,SLOW,820288
0.14340079,-1.2379978,-0.40129757,SLOW,820288
0.7730621,0.23412889,0.216959,SLOW,820289
0.50708544,0.7596313,0.38577557,SLOW,820289
0.7013912,-0.51249063,-0.71629715,SLOW,820290
-1.7509577,-1.0360724,1.7795696,SLOW,820291
-0.17563868,-0.3480726,-0.14935493,SLOW,820291
0.7124307,-0.5005177,0.0530653,SLOW,820292
0.22575986,-0.6068403,-0.21385098,SLOW,820292
-0.11681974,-0.016816169,0.0136909485,SLOW,820293
0.6281049,0.65439594,1.8303308,SLOW,820293
-0.20773506,-0.035972714,-1.0245123,SLOW,820294
-0.09997547,0.20565365,-0.09980869,SLOW,820294
0.6412864,-0.47949192,-1.2457132,SLOW,820295
-0.21245158,0.123286575,-0.94139004,SLOW,820295
-0.14537215,-0.021732152,0.35713196,SLOW,820296
0.4562893,-0.759443,-0.87909985,SLOW,820297
-0.60458827,-0.37431356,0.8921499,SLOW,820297
-0.6956637,-0.91476995,-0.018183708,SLOW,820298
0.4238417,-0.65307736,-0.30017376,SLOW,820298
0.23482764,-0.2187643,-0.01734829,SLOW,820299
0.66514134,1.1011894,-0.23869896,SLOW,820299
-0.6311313,-0.7668184,-0.42244053,SLOW,820300
0.33936477,0.5809308,1.3079967,SLOW,820300
0.2588768,-0.03759271,0.41833687,SLOW,820301
1.4231074,0.1526654,-0.37316036,SLOW,820301
0.8873234,0.48902535,-0.32242775,SLOW,820302
0.9994526,0.21171598,-0.26384926,SLOW,820302
0.5838413,-0.5279862,-0.66483116,SLOW,820303
0.78725266,1.0460582,0.14308262,SLOW,820304
0.15781641,0.054396212,-0.054347992,SLOW,820304
0.50363255,-0.25377703,-0.050501823,SLOW,820305
0.21682835,0.34043586,-0.34901428,SLOW,820305
-0.3110646,0.5020022,-1.1877346,SLOW,820306
-0.15329862,0.09202129,0.52795887,SLOW,820306
1.2146151,-0.67900926,-0.004128456,SLOW,820307
-0.680282,-1.2304533,0.5457506,SLOW,820307
0.38918567,0.18266726,-0.28092957,SLOW,820308
0.590219,0.70477366,0.36874294,SLOW,820308
-0.5977069,-1.2470965,1.0594864,SLOW,820309
0.5220611,-0.30678585,0.33182526,SLOW,820309
-0.19290686,-0.09685132,0.39112377,SLOW,820310
-0.48107505,-0.058787525,1.0311899,SLOW,820311
0.775985,-0.044930965,-0.52187157,SLOW,820311
0.25468397,0.07739073,-0.5703707,SLOW,820312
-1.219892,-0.5024752,-1.1299038,SLOW,820312
0.30516052,0.8943279,-0.33427048,SLOW,820313
-0.9096042,-0.084836036,0.98749065,SLOW,820313
0.7176305,0.57935613,0.056697845,SLOW,820314
0.12370062,-0.22288564,1.6803856,SLOW,820314
-0.8673208,1.0888115,-1.2289324,SLOW,820315
-0.17954016,0.22992767,0.6533375,SLOW,820315
0.4100604,-0.020517945,0.09391403,SLOW,820316
0.7093525,0.485104,0.7998924,SLOW,820316
0.48825884,0.7792238,0.11844349,SLOW,820317
0.8183217,0.19653487,0.14403152,SLOW,820318
-0.37079108,-0.13250399,0.05768299,SLOW,820318
-0.061885834,-0.32443795,-0.049741745,SLOW,820319
1.0846852,0.7198689,0.28176498,SLOW,820319
0.59212554,0.9703339,0.066348076,SLOW,820320
0.83658504,0.676206,0.33879375,SLOW,820320
-0.30366313,-0.21190217,0.7521515,SLOW,820321
-0.7165037,-0.87148637,-0.19602108,SLOW,820321
0.4552709,-0.3343501,0.90714836,SLOW,820322
-0.05584085,0.1792264,-0.17175579,SLOW,820322
-0.1892376,0.14095512,0.7503557,SLOW,820323
-0.034085035,0.5960977,-0.2615862,SLOW,820324
-0.46421206,-0.43033814,-0.21924019,SLOW,820324
-0.7345139,0.6137211,0.23999405,SLOW,820325
0.5930555,0.41816938,-0.27294445,SLOW,820325
-0.20424426,-0.48105913,0.6066246,SLOW,820326
0.5054014,0.27369186,-0.47947693,SLOW,820326
0.4576273,0.8631706,-0.73982143,SLOW,820327
0.5453427,-0.25178546,-1.4335985,SLOW,820327
1.1779724,1.181999,0.11873436,SLOW,820328
-0.45299697,-0.3416217,0.60373116,SLOW,820328
0.09212601,-0.23525473,0.4315443,SLOW,820329
1.107413,0.5566354,-0.10456848,SLOW,820329
1.0768201,0.70786023,-0.8746004,SLOW,820330
-0.9793583,-0.325969,0.5679989,SLOW,820331
-0.25353956,-0.57748365,-0.3859501,SLOW,820331
0.21421695,-0.22366172,-1.286396,SLOW,820332
0.27161443,-0.16679496,-0.09655666,SLOW,820332
-0.11461949,0.07012132,-0.056479454,SLOW,820333
0.61491215,0.4601632,0.099910736,SLOW,820333
-0.8456534,-0.22693452,0.3359728,SLOW,820334
0.060124636,-0.24605367,-0.68690014,SLOW,820334
-0.8863429,-0.17376006,-0.29593658,SLOW,820335
0.5709536,-0.1087212,0.66824055,SLOW,820335
0.21122098,-0.30039626,-0.3982973,SLOW,820336
0.8353479,1.264418,-0.3331051,SLOW,820336
-0.040204287,-0.45200753,-0.03170204,SLOW,820337
0.21080029,0.70030445,0.83539104,SLOW,820338
-0.5667999,-0.18544614,0.84335136,SLOW,820338
-0.19345582,0.35037076,-0.19352436,SLOW,820339
-0.15034044,0.049950182,-0.004807472,SLOW,820339
-0.63474524,-0.117146224,0.4236269,SLOW,820340
-0.17835557,0.19770789,-0.5090542,SLOW,820340
-0.027732491,0.3511112,0.043193817,SLOW,820341
-0.22018158,-0.057243943,0.16323662,SLOW,820341
-1.0397677,-0.88595015,0.12576675,SLOW,820342
0.14958024,1.1222494,-0.67473507,SLOW,820342
0.77854156,0.42246002,-0.44081783,SLOW,820343
-0.39469504,0.39626592,-1.0743866,SLOW,820343
0.5060886,-0.39139354,-0.84502697,SLOW,820344
-0.23289824,-0.8776814,-0.40571594,SLOW,820345
-0.05590713,-0.37025738,-0.66678524,SLOW,820345
-0.019598365,-0.039464235,-0.41060257,SLOW,820346
0.958511,0.31580275,-0.6757126,SLOW,820346
-0.86238146,-0.89400804,-0.3598156,SLOW,820347
1.8369942,0.87465763,-0.20174408,SLOW,820347
-0.45557356,-0.84353745,0.83104324,SLOW,820348
0.3830124,-0.10575795,0.8361206,SLOW,820348
-0.20985329,-1.1927044,0.653739,SLOW,820349
-0.14660859,-0.17471886,1.0563421,SLOW,820349
-0.470487,-0.6130142,-0.13572693,SLOW,820350
-0.24907422,0.36070693,-0.34603214,SLOW,820351
0.20120311,-0.21870226,0.16296577,SLOW,820351
0.13645673,-0.043532014,-0.06855488,SLOW,820352
-0.17900348,0.05581534,0.42931652,SLOW,820352
0.035577536,-0.037776053,-0.5749264,SLOW,820353
-0.20766008,0.14810324,-0.11935806,SLOW,820353
-0.32092476,-0.4042616,0.07161617,SLOW,820354
0.42744052,-1.0714246,-0.077952385,SLOW,820354
0.08695996,-1.0968438,-0.18118668,SLOW,820355
0.14009023,-0.36411905,-0.044210434,SLOW,820355
0.13334155,0.41954017,0.4312544,SLOW,820356
0.081982374,-0.15530771,0.1920023,SLOW,820356
-0.35620713,0.11877489,-0.0976038,SLOW,820357
0.051279187,-0.38928592,0.17602348,SLOW,820358
-0.17240202,0.3932761,0.29236698,SLOW,820358
0.17888069,-0.22895724,-0.365386,SLOW,820359
-0.4375043,0.039381742,0.28997993,SLOW,820359
-0.40303695,-0.14148247,-0.13819408,SLOW,820360
-0.43719137,0.08613825,0.321167,SLOW,820360
0.33216763,0.229031,-0.76288986,SLOW,820361
-0.17586637,-0.14893873,0.49210548,SLOW,820361
-0.43683696,-0.09164199,0.13843346,SLOW,820362
0.15075254,0.09816994,0.3462391,SLOW,820362
-0.18384552,-0.10132228,0.16779995,SLOW,820363
0.024869919,-0.0064222813,0.056876183,SLOW,820363
0.057857037,0.03136705,0.09004116,SLOW,820364
-0.017409325,-0.16123818,0.11740494,SLOW,820365
0.26630306,0.41411263,0.068470955,SLOW,820365
-0.07009423,0.24207467,-0.036758423,SLOW,820366
0.42322564,-0.016414285,-0.1732521,SLOW,820366
-0.41905308,0.0073490143,0.71127987,SLOW,820367
0.21335661,0.93963426,0.228199,SLOW,820367
-0.23269188,-0.17138374,0.28374672,SLOW,820368
0.6679287,-0.11105913,0.19476223,SLOW,820368
-0.28315568,-0.15048343,0.59483624,SLOW,820369
-0.19819129,0.26421553,0.007994652,SLOW,820369
0.37932396,0.36852986,-0.055560112,SLOW,820370
0.093476295,0.18313318,0.70289993,SLOW,820370
-0.13634062,-1.0842084,-1.0005932,SLOW,820371
0.7816019,0.21550864,-0.56677246,SLOW,820372
0.24921298,0.4179511,0.22519302,SLOW,820372
0.09778762,0.05878281,-0.40701294,SLOW,820373
1.0230501,1.1234251,-0.72322655,SLOW,820373
-0.2048378,0.016652822,0.8775549,SLOW,820374
-1.3353498,0.54941595,0.65537643,SLOW,820374
-0.16833186,0.5041541,0.5867739,SLOW,820375
-0.098572016,0.21372171,0.6967621,SLOW,820375
0.6242373,1.3269825,-0.25880432,SLOW,820376
-0.1287756,-0.21688896,0.095570564,SLOW,820376
0.07489228,-0.08180724,0.26421165,SLOW,820377
-0.500074,-0.5436306,-0.07549,SLOW,820378
0.5035486,0.65723157,0.104076385,SLOW,820378
0.7116561,1.637258,1.1977863,SLOW,820379
-0.11285567,2.1026676,1.951561,SLOW,820379
0.022562027,-0.20020145,0.0911293,SLOW,820380
1.1375825,0.21827316,-1.5147715,SLOW,820380
-0.74613476,-0.21462712,0.022865295,SLOW,820381
0.13947725,-0.73482853,0.4383936,SLOW,820381
0.51972365,0.28498927,0.81509686,SLOW,820382
0.4950292,-0.005375415,-0.43010235,SLOW,820382
0.1288178,0.20063499,0.15257359,SLOW,820383
-0.60821843,0.6602335,0.38430023,SLOW,820383
0.086052895,0.62009305,-0.11107063,SLOW,820384
0.46213055,0.28712896,0.12892342,SLOW,820385
-3.0992794,-1.8481436,-0.6829586,SLOW,820385
-0.003369093,-0.06001699,0.2738495,SLOW,820386
0.39398098,0.024508327,0.21981812,SLOW,820386
0.007958651,-0.8409453,-0.1218729,SLOW,820387
-0.040219784,0.52167094,0.8175068,SLOW,820387
-0.08776617,0.17779681,-0.16442299,SLOW,820388
0.45878458,0.60944045,-0.30659676,SLOW,820388
0.083553314,-0.2759177,0.71621895,SLOW,820389
-0.6092242,-0.89059514,1.2303486,SLOW,820389
0.5226016,-0.19107041,-0.2736988,SLOW,820390
0.15963936,0.53763795,-0.29499722,SLOW,820390
-0.7228025,-0.44969636,-0.09465313,SLOW,820391
-0.31028652,0.603616,-0.60649776,SLOW,820392
-0.1866951,0.30409622,-0.070168495,SLOW,820392
-0.061294556,0.06194648,0.65514565,SLOW,820393
0.23404574,0.06171304,0.2459774,SLOW,820393
0.60493135,0.20068888,0.9681606,SLOW,820394
0.35724115,-0.65943563,0.30175114,SLOW,820394
0.263422,0.60252905,-0.35051918,SLOW,820395
0.5780432,0.28652018,-0.055532455,SLOW,820395
1.1680261,-0.4774351,0.47172737,SLOW,820396
0.102344036,0.24820487,0.2563305,SLOW,820396
-0.8825035,-0.40424955,-0.48486328,SLOW,820397
0.2874062,0.4011113,-1.0667648,SLOW,820397
0.99651456,-0.1928443,-0.18269539,SLOW,820398
0.53473306,0.11781818,-0.2126255,SLOW,820399
-1.1506968,0.73296046,-0.49665737,SLOW,820399
-0.54125595,0.07634646,0.19588852,SLOW,820400
-0.3053838,0.6630502,-0.93316364,SLOW,820400
0.13034129,-0.8306437,0.33613777,SLOW,820401
0.4954586,0.4364046,-0.46227646,SLOW,820401
0.12189102,0.16549897,0.1293726,SLOW,820402
-0.85570097,-0.09676218,0.4344406,SLOW,820402
-1.8111036,-0.27060938,-0.074893,SLOW,820403
1.1174606,0.53059375,0.21362782,SLOW,820403
0.5371189,-0.24256426,0.36632252,SLOW,820404
1.8156096,1.8893623,-0.63584995,SLOW,820405
0.19554067,0.20173633,0.47668648,SLOW,820405
0.4903674,0.33164755,-0.17668438,SLOW,820406
0.086821556,-0.28563422,0.8157768,SLOW,820406
-0.6766392,-0.8700193,-0.50926876,SLOW,820407
-0.2314055,-0.3507862,-0.83582115,SLOW,820407
-0.00093734264,-0.4737628,0.17838097,SLOW,820408
0.11034429,0.17756435,-1.8271685,SLOW,820408
-0.6209538,0.51571786,0.53255653,SLOW,820409
-0.36934578,-0.9488908,0.6444206,SLOW,820409
-0.02852583,-0.2341901,0.021924019,SLOW,820410
-0.3626132,-0.27319348,-0.17323685,SLOW,820410
-0.32626736,0.49580634,0.92132854,SLOW,820411
0.37714767,0.0783661,-1.0149145,SLOW,820412
-0.29916298,0.09530929,0.31557465,SLOW,820412
0.8148017,0.15533233,-1.279973,SLOW,820413
0.40352297,-0.42918772,0.41421223,SLOW,820413
-0.164549,-0.5824871,0.3033371,SLOW,820414
0.35181963,0.07274115,-1.4021645,SLOW,820414
0.27532542,0.5863863,0.025493622,SLOW,820415
0.6564187,1.0999731,0.7603731,SLOW,820415
0.57912457,-0.43436894,0.9851389,SLOW,820416
0.14135265,-0.17663234,-0.9559889,SLOW,820416
-0.5688449,0.71239257,0.32685947,SLOW,820417
0.5792167,-0.13970286,1.0558796,SLOW,820417
-0.09541035,-1.6423876,1.2238598,SLOW,820418
0.47628856,0.28692794,-0.14694118,SLOW,820419
0.21554351,0.75042266,-0.59767914,SLOW,820419
-0.6202394,-0.7662869,0.3380003,SLOW,820420
0.24418402,-0.29264736,1.0346823,SLOW,820420
0.52315557,-0.3707885,-1.0747881,SLOW,820421
1.0130622,-0.485054,0.35745144,SLOW,820421
0.1347096,0.46961397,-0.7104788,SLOW,820422
0.24672699,-0.14614642,-0.45214462,SLOW,820422
1.9337423,-0.28091642,1.7715645,SLOW,820423
-0.6656798,0.28531116,0.48964787,SLOW,820423
0.4310615,-0.44351435,-0.7006836,SLOW,820424
0.22180605,-0.6727226,0.85983753,SLOW,820424
0.035634756,-0.3891143,-1.1476135,SLOW,820425
1.4238813,0.41938475,0.3055153,SLOW,820426
-0.19235599,-0.698717,-0.84108734,SLOW,820426
1.0431402,1.25524,-0.8505373,SLOW,820427
0.49521494,0.30266395,0.24493313,SLOW,820427
0.42248607,0.47217157,1.0553675,SLOW,820428
-0.2392118,-0.37708035,0.81011105,SLOW,820428
0.25873137,-0.25666958,-0.10669422,SLOW,820429
0.91752493,0.044701815,-0.60933876,SLOW,820429
-0.23683774,0.01000613,-0.77846813,SLOW,820430
-0.25136054,-0.69945407,0.46649647,SLOW,820430
0.9000896,-0.42510855,0.29070473,SLOW,820431
1.3473023,0.53590846,-0.96384525,SLOW,820432
0.91075826,-0.52099454,0.122447014,SLOW,820432
-0.37922466,0.067965746,0.7038832,SLOW,820433
0.8469449,-0.16201577,-1.7310262,SLOW,820433
-1.0357088,-0.6730847,1.291338,SLOW,820434
-0.3428223,0.28769636,-0.3773632,SLOW,820434
0.81463873,0.14643198,1.7445774,SLOW,820435
-0.1350596,0.40302324,0.023252487,SLOW,820435
1.1395772,-0.54307467,-0.30570412,SLOW,820436
-0.6132517,-0.014915943,0.38483334,SLOW,820436
-0.42841423,0.5480925,0.30695534,SLOW,820437
-0.68567896,-0.4364537,0.47537136,SLOW,820437
-0.18858671,-0.185781,-0.765398,SLOW,820438
-0.73782706,-1.127662,0.47819996,SLOW,820439
-0.3249873,-0.4480497,0.9734926,SLOW,820439
-0.455127,-0.79637426,0.0010271072,SLOW,820440
0.3605032,-0.3374649,-0.1531725,SLOW,820440
1.2195847,0.16735274,0.41314793,SLOW,820441
-0.27664876,-0.2881341,-1.3775883,SLOW,820441
0.39109135,0.28039312,0.22294712,SLOW,820442
0.21467853,0.3236666,-0.4600687,SLOW,820442
1.0199271,0.0951857,0.535738,SLOW,820443
0.72267425,0.012119532,0.71633625,SLOW,820443
-0.6747494,0.49847037,1.1033487,SLOW,820444
-1.4272757,-0.41576517,-0.13188076,SLOW,820444
0.99062204,-0.38623047,-0.8552351,SLOW,820445
-0.43318236,-0.28594798,-0.3990717,SLOW,820446
0.0013557673,-0.23523682,0.09073734,SLOW,820446
-0.32179105,-1.5262506,1.9973507,SLOW,820447
-0.5317497,-0.90974057,0.5858011,SLOW,820447
0.34194303,-0.6254401,0.8325777,SLOW,820448
-0.04338503,-0.68294907,-0.28805065,SLOW,820448
-0.11679649,0.8886707,-1.6066918,SLOW,820449
-0.13826692,0.26328838,0.3175602,SLOW,820449
-0.87206733,-0.27888,-0.084186554,SLOW,820450
-0.14623201,-0.09664178,-0.45306873,SLOW,820450
-0.50407004,-0.5198181,0.1790638,SLOW,820451
0.94004035,-0.67403543,0.78592205,SLOW,820451
0.60660565,-0.9286213,0.7363081,SLOW,820452
-0.52788377,0.018865108,-0.46063328,SLOW,820453
0.10604775,0.19408044,-0.3249178,SLOW,820453
-0.08700681,-0.40067935,0.008747101,SLOW,820454
0.67886853,-0.2759073,-0.2635393,SLOW,820454
1.2448957,-0.8915485,0.112893105,SLOW,820455
-0.30232787,-0.51047504,1.1450567,SLOW,820455
-0.2192645,0.26092792,-0.29058933,SLOW,820456
-0.012907982,1.3544044,-2.1341357,SLOW,820456
0.0049750805,-0.32038093,0.0900383,SLOW,820457
0.25008225,0.45211637,-0.7765646,SLOW,820457
-0.008044481,0.96553576,-0.032841682,SLOW,820458
0.28885293,-0.40888047,0.024476051,SLOW,820459
-0.35175383,0.6756618,0.8373604,SLOW,820459
0.34694552,-0.670946,-0.6030121,SLOW,820460
-0.049256086,-0.33546615,0.19199276,SLOW,820460
0.08835459,0.9467695,-3.249281,SLOW,820461
0.13041234,-0.9075364,0.06504917,SLOW,820461
1.5911353,0.9994885,0.07610893,SLOW,820462
2.0176365,0.86435705,-0.80794716,SLOW,820462
1.0896704,-0.3037809,-0.39088917,SLOW,820463
1.95871,-0.006594181,-0.8629103,SLOW,820463
0.08065367,-0.98517585,-0.8429222,SLOW,820464
1.496089,0.5139472,-0.39439297,SLOW,820464
1.7850802,0.179438,1.7061481,SLOW,820465
2.8205495,0.39233154,0.44209194,SLOW,820466
1.5704417,0.9977779,0.05326271,SLOW,820466
0.122761965,-0.9925682,-0.07223511,SLOW,820467
0.16548681,-0.8460009,-0.40830994,SLOW,820467
-0.0010259151,-1.0312746,0.7275667,SLOW,820468
0.59369445,-0.38354272,1.3208885,SLOW,820468
-0.2992134,-0.832263,-0.9571991,SLOW,820469
0.026489258,-1.28294,-0.107982635,SLOW,820469
1.4284351,-0.44423747,0.76318073,SLOW,820470
0.781276,0.12586775,-1.8111153,SLOW,820470
0.70934796,0.08227366,1.21982,SLOW,820471
1.4748905,0.34969154,-0.30623627,SLOW,820471
0.6447866,-0.50053406,-1.236681,SLOW,820472
0.9035866,-0.6914246,-0.92556953,SLOW,820473
-0.84366953,-1.1548811,1.538084,SLOW,820473
-0.14271092,-0.23512238,-0.14333534,SLOW,820474
0.5959897,0.26041952,-1.6584563,SLOW,820474
-0.37561083,-0.6639157,-0.04380226,SLOW,820475
0.8193412,0.92552996,-0.33969593,SLOW,820475
-1.1555992,-0.99338555,0.5366945,SLOW,820476
-1.301793,-0.68279976,0.394907,SLOW,820476
0.022267342,-0.23512566,0.8939285,SLOW,820477
-1.9373147,-1.353637,1.0607252,SLOW,820477
1.1321137,0.76186204,-1.6335645,SLOW,820478
-0.4845929,-0.645406,0.79431915,SLOW,820478
0.094821215,0.90632874,-0.41275406,SLOW,820479
-0.68822646,0.51058185,0.5740795,SLOW,820480
-0.046574116,0.14191723,0.46748543,SLOW,820480
-0.28872776,-0.5409343,-0.6128969,SLOW,820481
-0.4867804,0.58129245,0.8159418,SLOW,820481
-1.4055455,-0.8817198,1.4556828,SLOW,820482
-2.0781794,-0.115502715,1.4453821,SLOW,820482
-1.028795,0.36676383,0.26564598,SLOW,820483
0.81340384,1.408046,0.58704853,SLOW,820483
-1.9557709,1.4972416,-0.9465437,SLOW,820484
-0.21801639,0.1724273,0.26819038,SLOW,820484
0.46232247,-0.5589478,0.7567797,SLOW,820485
-0.08336139,-0.7071276,-0.84011555,SLOW,820486
-0.39754987,-0.76249325,1.1557646,SLOW,820486
0.62962914,0.006823182,-0.0978241,SLOW,820487
1.2771192,0.5566568,-0.7391043,SLOW,820487
0.69050765,0.9204253,0.13949394,SLOW,820488
0.675612,0.8993733,-0.5565691,SLOW,820488
-0.30077314,0.35090858,0.06987858,SLOW,820489
0.57280064,-0.39219892,0.0018615723,SLOW,820489
0.3909068,-0.96983004,-0.6655855,SLOW,820490
-2.319937,-0.88112247,0.68616104,SLOW,820490
-0.008264542,-0.40694892,0.5835867,SLOW,820491
-0.43341506,0.49537763,-1.0287886,SLOW,820491
-0.53541005,-0.67323,0.51781845,SLOW,820492
0.17034435,-0.56429386,0.18863678,SLOW,820493
0.71350884,0.22626299,-0.45676136,SLOW,820493
0.2618587,-0.4759851,1.4347668,SLOW,820494
0.63686323,0.8200109,0.24030781,SLOW,820494
-0.012575388,0.5705935,-0.26523685,SLOW,820495
-0.21977854,-1.1619914,0.28318787,SLOW,820495
-0.14817119,-0.40530562,-1.3207741,SLOW,820496
1.1860878,0.025177836,0.7640152,SLOW,820496
0.5679028,-0.25279564,-0.7957125,SLOW,820497
0.33008003,0.07221931,-0.30678463,SLOW,820497
1.0789101,0.24802226,0.57558346,SLOW,820498
0.8107934,0.6712768,-0.5605936,SLOW,820498
-0.13250875,-0.8760942,1.6746836,SLOW,820499
0.7933769,1.1968392,-1.4980307,SLOW,820500
0.9919667,1.7137341,-2.1144776,SLOW,820500
-1.3252988,-1.3338861,-2.543374,SLOW,820501
-1.1136618,0.66870093,0.494483,SLOW,820501
1.5644135,1.2067502,0.25421715,SLOW,820502
-0.1872499,0.2322886,0.5784397,SLOW,820502
1.0113313,0.8682425,-0.27643967,SLOW,820503
0.16863418,0.23236185,1.0191841,SLOW,820503
-0.040544987,0.2844813,-0.11397457,SLOW,820504
-1.3749856,0.4546951,0.8027172,SLOW,820504
-0.6893461,-0.4963827,-0.2645445,SLOW,820505
-0.24874616,-1.0797644,-0.3544302,SLOW,820505
1.1953621,-0.3053546,-1.145587,SLOW,820506
-0.9540746,-1.0145296,0.57032204,SLOW,820507
-0.105629444,-0.6224227,0.3396387,SLOW,820507
0.48816895,-0.3561852,-0.1128273,SLOW,820508
0.10807514,-0.14284205,0.10043812,SLOW,820508
0.06075263,0.5872914,-0.009401321,SLOW,820509
-0.080545425,-1.2428406,0.5091028,SLOW,820509
-0.8449347,0.46167135,1.8377256,SLOW,820510
-1.2935771,-0.9724561,-0.021656036,SLOW,820510
0.26696587,-0.16968465,0.44184017,SLOW,820511
-1.5068693,-0.28022206,-0.18330956,SLOW,820511
0.34544015,-0.44768918,0.16458988,SLOW,820512
0.59670544,1.1082307,-1.0619726,SLOW,820513
-0.84020436,-0.18576932,0.50830364,SLOW,820513
-0.61656,-0.27446222,0.067401886,SLOW,820514
0.5788164,-0.08356452,1.4116573,SLOW,820514
-0.63127375,-0.08717179,0.75437355,SLOW,820515
-0.46726334,0.7296582,-0.3391676,SLOW,820515
-1.0103377,-0.5623393,0.08075142,SLOW,820516
-0.19583642,-0.34261632,-0.020463943,SLOW,820516
1.6247108,0.42813087,-2.4072871,SLOW,820517
0.14650059,0.39404964,-0.08786774,SLOW,820517
-1.0656395,-1.1889955,0.2411604,SLOW,820518
-0.3788501,-0.33029032,-0.29041004,SLOW,820518
0.1473707,-0.5810158,0.5033512,SLOW,820519
-0.8564682,-0.31952226,0.5684614,SLOW,820520
-0.75031525,-0.36585557,-0.80261326,SLOW,820520
-0.1319629,-1.3077987,1.317419,SLOW,820521
0.6043947,-0.24893951,0.6301222,SLOW,820521
1.1149226,-0.13402307,0.33541775,SLOW,820522
0.6122986,-0.070694804,0.6935682,SLOW,820522
-0.74772084,-0.27086723,-0.37240887,SLOW,820523
-0.1559968,-0.16520119,-0.037125587,SLOW,820523
0.75503814,-0.77628016,0.9799986,SLOW,820524
0.8827398,-0.101037145,1.1779776,SLOW,820524
0.39313197,0.06245649,-0.34642887,SLOW,820525
-0.287691,-0.14632964,0.4025898,SLOW,820525
0.6643903,0.33710957,-2.3424697,SLOW,820526
-1.0272751,1.2501328,0.8923235,SLOW,820527
-0.12364054,-0.50624156,-0.5001211,SLOW,820527
1.0774217,0.49176192,0.43785477,SLOW,820528
-0.7067503,-0.5553771,0.11668968,SLOW,820528
1.627387,0.6227335,0.23298359,SLOW,820529
0.5561483,0.33886147,0.46123695,SLOW,820529
-0.18325806,-0.57750607,-0.0051612854,SLOW,820530
0.55975795,0.23318362,-0.16820717,SLOW,820530
-0.89412165,-0.26481438,-0.782938,SLOW,820531
0.024590015,-0.07899833,-1.1539059,SLOW,820531
0.1883719,1.1215383,1.1861401,SLOW,820532
1.04809,1.1793902,-0.23148727,SLOW,820532
-0.42662144,0.12546408,0.31648064,SLOW,820533
0.75738215,1.002537,0.46182442,SLOW,820534
-0.46613276,-1.025151,-0.19268322,SLOW,820534
-0.3466462,0.4967274,0.056877136,SLOW,820535
-0.09239125,0.18347263,1.3529692,SLOW,820535
1.005877,-0.27686656,2.4188566,SLOW,820536
-0.52100694,-0.1930548,1.84445,SLOW,820536
-0.15877366,-0.069698095,0.29671955,SLOW,820537
0.58079123,-0.0129829645,0.29471874,SLOW,820537
-0.7882068,1.0578358,-0.92225075,SLOW,820538
1.3043041,0.9567689,1.7223959,SLOW,820538
-0.67345536,-0.21498835,-1.399023,SLOW,820539
1.3121881,0.07867992,-0.4190073,SLOW,820540
-1.1350613,-1.0845134,0.8896847,SLOW,820540
0.652884,-0.7551819,-0.2515192,SLOW,820541
-1.5170538,-0.050016284,-0.49617386,SLOW,820541
-0.0056078434,0.39072704,0.34460354,SLOW,820542
0.9583874,0.27557015,0.43683624,SLOW,820542
0.038334966,-0.10020447,-0.9165325,SLOW,820543
0.662662,0.33775604,-0.8826723,SLOW,820543
0.574445,0.5900059,-0.92509747,SLOW,820544
-0.0044653416,-0.14356422,0.46547794,SLOW,820544
0.7394885,-0.70675635,-0.09143448,SLOW,820545
-0.29567933,0.24679661,1.0426159,SLOW,820545
-2.1744044,-0.16098237,0.49440384,SLOW,820546
-0.17884827,0.5249492,-0.16750431,SLOW,820547
-2.0090446,-1.4315765,3.2581158,SLOW,820547
0.0018043518,0.6310908,0.46787548,SLOW,820548
-0.6277596,-0.24976182,1.5412321,SLOW,820548
0.061897755,0.12067735,0.055191994,SLOW,820549
0.41107643,-0.023808718,-0.07769108,SLOW,820549
1.2128357,-0.25038588,1.0030985,SLOW,820550
0.24839294,-0.18605947,-1.8288364,SLOW,820550
0.37787437,0.62242234,0.5024748,SLOW,820551
-0.33160675,-1.0755042,0.17556477,SLOW,820551
-0.6030406,-0.19875622,1.0159712,SLOW,820552
0.49502337,1.030018,-0.41098976,SLOW,820552
1.0624211,-0.17634821,-0.9266472,SLOW,820553
-0.66888595,-0.5816722,1.3338223,SLOW,820554
0.6671215,0.5059458,-1.162983,SLOW,820554
0.9360187,0.63395,-0.4838276,SLOW,820555
0.24260175,1.5643489,-0.88024426,SLOW,820555
1.2155408,0.71278334,-0.24581242,SLOW,820556
-0.1380719,-0.43861032,-0.106879234,SLOW,820556
-0.8720808,-0.38810503,-0.015617371,SLOW,820557
0.051896572,-1.1129265,0.27596283,SLOW,820557
0.18772364,0.28096336,0.29437542,SLOW,820558
-0.7983649,-0.42868817,-0.7176609,SLOW,820558
1.4920709,-0.81673914,0.5849819,SLOW,820559
0.1486342,0.8936325,-0.8905859,SLOW,820559
-0.4545238,0.7110588,-0.7912607,SLOW,820560
1.0026493,-0.9304749,-1.0255442,SLOW,820561
0.5905411,-0.3416168,-6.1069818,SLOW,820561
-0.19589114,0.011025846,0.5345192,SLOW,820562
-0.90159416,-1.1572151,0.5480852,SLOW,820562
0.24122119,0.7523318,-0.14526653,SLOW,820563
0.40151381,0.9170625,0.058179855,SLOW,820563
-0.32926142,0.98441803,2.5709343,SLOW,820564
-0.65081525,0.43291172,0.29830265,SLOW,820564
-0.48635447,-0.66772574,-0.41821194,SLOW,820565
-0.12159586,-0.15314472,0.21799469,SLOW,820565
0.17042994,-0.042779803,0.5890808,SLOW,820566
0.45601535,0.16069096,1.7157125,SLOW,820567
0.07721043,-0.20319927,0.7272711,SLOW,820567
-0.2192328,0.07460651,-1.6525259,SLOW,820568
0.34857678,1.1735249,1.1231546,SLOW,820568
0.33037376,0.05117446,0.08411121,SLOW,820569
0.44559288,0.28455767,0.060715675,SLOW,820569
-1.8697672,-1.2675632,1.0498133,SLOW,820570
-1.1278166,-0.13293207,0.5485935,SLOW,820570
-1.8717554,-0.11918035,1.5869741,SLOW,820571
-0.08575559,-0.3929256,0.19993687,SLOW,820571
-1.8703105,0.32481894,-0.30373096,SLOW,820572
1.1541238,0.4770768,0.4107046,SLOW,820572
1.2308366,1.5613167,0.5677061,SLOW,820573
0.6377716,-0.13971594,-1.824008,SLOW,820574
-0.85095656,-0.5116042,-0.5314188,SLOW,820574
-1.3938485,-0.66942155,0.77416134,SLOW,820575
-0.42817247,-0.050317913,1.6242647,SLOW,820575
-0.3090359,0.6668713,-0.39921665,SLOW,820576
-0.7190442,-0.8920952,-0.3181839,SLOW,820576
0.4821577,1.1359614,0.31876087,SLOW,820577
-0.39351225,0.37552822,0.648407,SLOW,820577
-0.9213346,-0.3667531,-1.143342,SLOW,820578
-0.16354418,-0.43959936,1.3765974,SLOW,820578
1.1372234,0.3312367,-2.3106265,SLOW,820579
0.29481387,0.2680639,1.1099272,SLOW,820579
-0.35383677,0.32191753,0.55003643,SLOW,820580
0.5804224,0.12285465,-1.898612,SLOW,820581
-0.07719946,-0.21849874,-0.8224106,SLOW,820581
0.08267164,1.0612568,0.090192795,SLOW,820582
0.09120083,0.57787377,-0.45955086,SLOW,820582
-0.63697505,0.15547483,-0.9365463,SLOW,820583
0.7293174,0.48633003,-0.5426254,SLOW,820583
0.46052694,1.5380801,0.13175583,SLOW,820584
-1.0600027,0.11655166,-0.778553,SLOW,820584
-0.28492868,0.120924644,1.4181643,SLOW,820585
-0.0019230843,-0.42363125,-0.48093033,SLOW,820585
0.0564332,-0.16671099,-0.8250847,SLOW,820586
-0.034607887,-0.52441686,-0.35249138,SLOW,820586
0.6638105,0.12723428,-2.9099393,SLOW,820587
-1.0781184,-0.39323342,-1.5615001,SLOW,820588
-0.06436467,-0.113292396,0.7507191,SLOW,820588
0.100415945,0.22417864,-0.41949177,SLOW,820589
-0.35823977,1.0917937,0.26512146,SLOW,820589
-0.10482812,-0.57457614,-0.06303215,SLOW,820590
0.05125618,0.70909864,0.99730015,SLOW,820590
0.7580712,-0.17841494,0.41372585,SLOW,820591
-0.4200933,0.32435414,0.8471136,SLOW,820591
0.9242923,2.303135,0.49519348,SLOW,820592
2.1962168,1.8301744,-3.1806455,SLOW,820592
0.11369228,1.8928207,0.60052586,SLOW,820593
-1.1500294,0.24221337,-0.644331,SLOW,820594
-1.1256562,0.9953763,-0.7741089,SLOW,820594
-0.189888,0.8119791,-0.2833786,SLOW,820595
-0.331594,0.26477548,-0.015417099,SLOW,820595
-0.09051669,-0.014127523,1.1842136,SLOW,820596
-2.5926363,-1.1919762,-0.109547615,SLOW,820596
0.3514409,0.14305449,-0.06550503,SLOW,820597
0.54182243,0.05276072,-0.15367985,SLOW,820597
-0.7487378,-0.95904016,0.6622772,SLOW,820598
-0.62257254,-0.92426425,-0.73581314,SLOW,820598
1.0533694,-0.33677566,0.17436028,SLOW,820599
-0.4913417,0.08822745,0.18498993,SLOW,820599
0.17955518,0.20329559,-0.38073635,SLOW,820600
-1.5324132,-0.6226553,0.58590984,SLOW,820601
-0.5347625,0.049513698,-0.89200306,SLOW,820601
0.2587874,0.122318566,-0.13856792,SLOW,820602
0.04855764,-0.16856492,-0.8336172,SLOW,820602
-0.26384223,-0.25796366,-1.2468576,SLOW,820603
0.06670141,0.38981056,0.160532,SLOW,820603
0.5076368,-0.66874903,-0.846797,SLOW,820604
0.7807331,-0.040151596,0.5614824,SLOW,820604
-0.39793682,0.045037568,-0.95214653,SLOW,820605
-0.20311165,0.14075285,-0.85652065,SLOW,820605
0.20873272,0.27433884,0.39488602,SLOW,820606
-0.81384385,-0.571643,0.17890835,SLOW,820606
0.52842486,-0.8671797,0.68254757,SLOW,820607
0.6620935,0.71144265,-0.65280056,SLOW,820608
-0.55350804,-1.7931656,0.84382915,SLOW,820608
-0.37457132,-0.12632835,-0.07585907,SLOW,820609
-0.19558644,0.19518718,0.087747574,SLOW,820609
-0.12237477,-0.11570716,-1.365859,SLOW,820610
0.39429998,-0.009549618,-0.38210964,SLOW,820610
-0.7778901,0.17627037,-0.5655823,SLOW,820611
-0.3953538,-0.28571117,0.61915207,SLOW,820611
-0.0026824474,0.32095164,0.316144,SLOW,820612
0.27882075,-0.93041575,-0.69521046,SLOW,820612
0.28213525,-0.62817854,0.55576134,SLOW,820613
-0.19223917,0.90419465,-1.0303183,SLOW,820613
-0.4206674,-0.6438843,1.336545,SLOW,820614
-1.2789538,-1.8162923,-0.09895134,SLOW,820615
0.7476016,0.5642354,-0.26904297,SLOW,820615
-0.67828333,-0.068626046,-0.16756248,SLOW,820616
1.0737127,0.33318102,-0.50014114,SLOW,820616
0.031090021,-0.31610942,0.5351896,SLOW,820617
0.28871095,-0.11630666,0.32136345,SLOW,820617
-0.4699397,-0.47871935,0.19086266,SLOW,820618
-0.4761901,0.1792252,-0.79408836,SLOW,820618
-0.118795276,0.73384416,-0.65625477,SLOW,820619
0.24280941,-0.5582526,0.6025057,SLOW,820619
-0.2893666,-0.21288991,0.5754204,SLOW,820620
0.0032832623,0.33334765,-0.01816082,SLOW,820621
-0.09365237,1.2392893,-0.89145565,SLOW,820621
0.23943341,1.158268,-0.74325466,SLOW,820622
-0.37979972,-0.5992751,-0.08323765,SLOW,820622
-0.11118221,0.18864304,0.10973358,SLOW,820623
0.476099,-0.07520759,0.128582,SLOW,820623
0.07942271,-0.291896,0.14201641,SLOW,820624
0.61787283,1.40714,-0.47439384,SLOW,820624
0.25056374,-0.17674148,0.60209465,SLOW,820625
-0.76493824,-0.39019477,1.5428772,SLOW,820625
0.84638476,0.35975128,-0.43431187,SLOW,820626
0.1639092,0.11306685,-0.57563686,SLOW,820626
1.1610653,1.3321577,-0.4071474,SLOW,820627
-0.00904417,-0.13343811,-0.2498064,SLOW,820628
-0.6106248,-0.8393986,1.4753332,SLOW,820628
0.24601841,-0.1468356,0.26668262,SLOW,820629
0.21051669,-0.1983946,0.43303585,SLOW,820629
-0.69394696,-0.73037434,-0.07739258,SLOW,820630
-0.03541279,0.28654796,0.14520931,SLOW,820630
-0.31460142,0.6115073,-0.07093239,SLOW,820631
0.133299,0.47882265,1.1806326,SLOW,820631
0.34390986,0.06687975,0.2986021,SLOW,820632
-0.43276417,0.11108458,0.43812275,SLOW,820632
-0.64553297,-0.6448109,0.10535431,SLOW,820633
-0.5326952,-0.24925077,1.1771011,SLOW,820633
0.7820444,-0.06109619,0.53328705,SLOW,820634
-1.4873843,-1.446409,0.7756491,SLOW,820635
0.6357975,-0.8598788,1.0616884,SLOW,820635
-0.51287806,0.4717517,-0.97577095,SLOW,820636
-0.43691504,0.5613634,0.08585262,SLOW,820636
0.09958911,0.36342347,0.065299034,SLOW,820637
-0.09533501,0.20315516,-0.51956844,SLOW,820637
-0.8592875,-0.89711607,-0.30331993,SLOW,820638
-0.2646098,0.54763216,-0.8131542,SLOW,820638
0.15857315,0.9741897,1.4974918,SLOW,820639
0.5391582,0.52688867,-0.3812065,SLOW,820639
-0.9598229,-0.69952655,1.0010061,SLOW,820640
0.3390913,-0.13073653,-0.24275208,SLOW,820640
0.6792238,0.4717311,0.04459095,SLOW,820641
0.4345317,0.33818895,-0.29572105,SLOW,820642
-0.35540652,0.33132106,-0.99544525,SLOW,820642
-0.51142037,-0.3693912,0.70063114,SLOW,820643
-0.12764585,0.7030248,-0.6706953,SLOW,820643
-0.035779,-0.989095,-1.8091865,SLOW,820644
0.11860514,-0.66124314,-0.058084488,SLOW,820644
0.49822688,0.6111715,0.1370449,SLOW,820645
-0.06823385,-0.33332968,-1.2543278,SLOW,820645
0.46548223,0.27057028,-0.22875214,SLOW,820646
0.01773119,-0.84387124,1.650918,SLOW,820646
0.1862166,-0.039699197,-0.111787796,SLOW,820647
-0.0333395,-0.5418093,-0.10017395,SLOW,820648
-0.26355195,0.41403604,0.30141544,SLOW,820648
0.3054893,-0.006411016,-0.34186554,SLOW,820649
0.49007225,0.13460124,-0.20062065,SLOW,820649
-0.16996121,-0.19983792,0.44207478,SLOW,820650
-0.2002275,0.064655185,0.08171368,SLOW,820650
-0.27716637,0.2625503,0.026835442,SLOW,820651
-0.08446932,-0.11998218,0.30724335,SLOW,820651
-0.0529809,0.09530175,0.11412144,SLOW,820652
-0.1737268,-0.051680505,0.05547428,SLOW,820652
-0.09706402,0.4353739,-0.62119675,SLOW,820653
-0.24512923,0.54954165,-0.4872322,SLOW,820653
0.4934125,-0.81642014,0.71910095,SLOW,820654
-0.23511612,0.58517694,-0.35766792,SLOW,820655
0.56753516,-1.0712748,-0.29185104,SLOW,820655
-0.13358808,-0.78651744,-0.9561529,SLOW,820656
0.6250701,-0.70501184,-0.7176924,SLOW,820656
1.0071027,0.7008102,-1.3885078,SLOW,820657
1.200336,-0.14188749,-1.4050102,SLOW,820657
0.0001809597,-0.04436648,0.9195194,SLOW,820658
-0.04773903,0.17032018,-0.27409077,SLOW,820658
0.18905091,0.35605326,0.1562357,SLOW,820659
0.42235708,0.8149214,-0.6994982,SLOW,820659
-0.9347124,0.9723652,0.37725544,SLOW,820660
-0.27081037,-0.18614712,-0.6731367,SLOW,820660
-1.0246958,0.8914404,-0.35276985,SLOW,820661
-0.5085598,-0.27042818,0.2449112,SLOW,820662
-0.41169715,-1.4028854,0.15400028,SLOW,820662
0.06730199,0.08112776,-0.40503788,SLOW,820663
-0.13532531,1.0977149,0.73207664,SLOW,820663
0.10208988,0.7137403,-0.25784492,SLOW,820664
0.5122206,-0.4068901,0.6478033,SLOW,820664
-0.3450961,-0.80994827,0.0069408417,SLOW,820665
0.18666792,0.6985815,0.20680046,SLOW,820665
-0.45224547,0.6236837,-0.43657303,SLOW,820666
-1.0826187,-0.416242,-0.03654957,SLOW,820666
-0.9406593,-0.892424,-0.028946877,SLOW,820667
-0.4273939,-0.12719986,0.93394375,SLOW,820667
-0.9042629,1.2705308,1.5480013,SLOW,820668
-0.6680329,-0.7935147,-0.7341528,SLOW,820669
0.32607913,0.35186926,0.5807333,SLOW,820669
-0.88181317,1.8134627,1.4637547,SLOW,820670
0.07066393,-0.28761297,-0.52220917,SLOW,820670
-0.51397276,-0.21728206,-0.334198,SLOW,820671
0.4325397,0.6674051,-1.2792988,SLOW,820671
-0.077744246,0.11490173,0.5898495,SLOW,820672
0.4322847,-0.16223425,-0.9595957,SLOW,820672
-0.60741425,0.47402403,0.11133385,SLOW,820673
-0.025752068,1.0204153,-0.10899258,SLOW,820673
-0.02261746,0.79625595,-0.091178894,SLOW,820674
-0.21110153,-0.46374887,-0.2959938,SLOW,820675
1.0036788,0.955251,1.6209183,SLOW,820675
0.56365705,-0.46894592,-0.3452549,SLOW,820676
0.52591276,0.6414041,-1.0255508,SLOW,820676
-0.27079117,-0.5208866,1.5443535,SLOW,820677
0.04421556,0.021817446,0.86173916,SLOW,820677
-0.098291874,0.5860009,0.061553,SLOW,820678
-0.17765117,-0.47709155,0.36120224,SLOW,820678
-0.089588165,0.15989143,0.6114569,SLOW,820679
-0.18555212,-0.8643925,0.7527323,SLOW,820679
0.4712497,-0.24123555,-0.053897858,SLOW,820680
-0.55619514,0.29711863,-0.6398382,SLOW,820680
0.13319457,0.05076176,0.95558834,SLOW,820681
0.2689426,-0.14616877,0.10853863,SLOW,820682
1.4567086,0.8728392,-0.026351929,SLOW,820682
0.38927364,-0.14497256,-0.4471798,SLOW,820683
0.07633412,0.69266266,-0.3985176,SLOW,820683
0.36075568,0.40996626,-0.035393715,SLOW,820684
-0.26743317,0.7591009,-0.5730095,SLOW,820684
-0.52515876,-0.5363057,0.47673893,SLOW,820685
-0.4947741,-0.21439326,-0.3783512,SLOW,820685
-0.35564804,-0.19642794,-1.0895834,SLOW,820686
0.14019895,0.54710555,-0.17930889,SLOW,820686
0.1981287,0.352432,0.039007187,SLOW,820687
0.08131111,0.009640217,0.14701271,SLOW,820687
0.28802586,0.2637819,0.003004074,SLOW,820688
-0.3061285,-0.15432215,0.377779,SLOW,820689
0.21083403,0.18195724,-0.14693165,SLOW,820689
-0.12092948,-0.22795784,-0.12672424,SLOW,820690
0.17057967,-0.16267109,0.3609848,SLOW,820690
-0.14003778,0.16128474,-0.25080776,SLOW,820691
-0.29166484,0.054795384,0.27454948,SLOW,820691
0.060448408,0.11689913,-0.16837883,SLOW,820692
0.19179368,-0.37831596,-0.25374222,SLOW,820692
-0.3246746,-0.04619643,-0.19586182,SLOW,820693
0.24557996,0.22292116,0.260705,SLOW,820693
0.30843425,-0.08092822,0.4790001,SLOW,820694
-0.107558966,0.21558958,-0.3532467,SLOW,820694
-0.046911955,-0.19765902,0.81835175,SLOW,820695
0.37942684,0.07105395,-0.32639503,SLOW,820696
0.33425915,-0.34969336,0.49485016,SLOW,820696
-0.3544868,-0.026412964,-0.36353016,SLOW,820697
0.12629513,0.17783332,0.46248627,SLOW,820697
-0.45370403,-0.0003222227,-0.17109108,SLOW,820698
-0.26294017,0.38500416,0.20854092,SLOW,820698
-0.306144,0.16116959,-0.049987793,SLOW,820699
-0.8701003,0.03150624,0.4165001,SLOW,820699
-0.8184613,-1.1440611,1.1007404,SLOW,820700
-0.3217488,-0.5336004,-0.15015316,SLOW,820700
-0.01225698,0.067994416,0.24002743,SLOW,820701
0.076485574,0.029252887,0.44935703,SLOW,820701
0.26275206,0.06908172,0.31657314,SLOW,820702
0.18137135,-0.13279289,-0.27598286,SLOW,820703
0.16324799,-0.02052313,0.09750748,SLOW,820703
0.16082579,0.1753155,-0.033426285,SLOW,820704
0.12557802,-0.1618582,0.2298193,SLOW,820704
1.8573759,-0.9362384,-1.1428156,SLOW,820705
0.26851475,0.5188229,-0.6996765,SLOW,820705
0.07329464,-0.64138246,0.8829727,SLOW,820706
-0.7138579,-0.65297484,-0.16401482,SLOW,820706
1.5142608,0.33007017,1.0207138,SLOW,820707
1.2802161,-1.7351716,-2.3326945,SLOW,820707
0.9123126,0.58331394,-0.9656215,SLOW,820708
1.4621717,0.19028664,0.019376755,SLOW,820709
